[Licensing::Module] Trying to connect to existing licensing client channel...
Built from '6000.3/staging' branch; Version is '6000.3.23f1 (09d2ecc7fb28) revision 643820'; Using compiler version '194234433'; Build Type 'Release'
OS: 'Windows 10  (10.0.19045) 64bit Core' Language: 'es' Physical Memory: 16314 MB
[Licensing::IpcConnector] Successfully connected to: "LicenseClient-crist" at "2026-10-05T07:04:51.1293894Z"
BatchMode: 1, IsHumanControllingUs: 0, StartBugReporterOnCrash: 0, Is64bit: 1
System  architecture: x64
Process architecture: x64
Date: 2026-10-05T07:04:51Z

COMMAND LINE ARGUMENTS:
C:\Program Files\Unity\Hub\Editor\6000.3.23f1\Editor\Unity.exe
-batchmode
-nographics
-projectPath
C:\actions-runner-eldoria\_work\Eldoria-Prewiu\Eldoria-Prewiu/Unity
-runTests
-testPlatform
PlayMode
-testFilter
Eldoria.Tests.ReferenceUiArtPassTests;OwnerHudMatchesReferenceMobileBudgets;ValoriaProgressionContractGatesCuartelVisualAndInteraction
-testResults
C:\actions-runner-eldoria\_work\_temp/ProductionArtReset-PlayMode.xml
-logFile
C:\actions-runner-eldoria\_work\_temp/ProductionArtReset-PlayMode.log
Successfully changed project path to: C:\actions-runner-eldoria\_work\Eldoria-Prewiu\Eldoria-Prewiu/Unity
C:/actions-runner-eldoria/_work/Eldoria-Prewiu/Eldoria-Prewiu/Unity
[UnityMemory] Configuration Parameters - Can be set up in boot.config
    "memorysetup-temp-allocator-size-nav-mesh-worker=65536"
    "memorysetup-temp-allocator-size-audio-worker=65536"
    "memorysetup-temp-allocator-size-gfx=262144"
    "memorysetup-allocator-temp-initial-block-size-main=262144"
    "memorysetup-allocator-temp-initial-block-size-worker=262144"
    "memorysetup-temp-allocator-size-background-worker=32768"
    "memorysetup-temp-allocator-size-job-worker=262144"
    "memorysetup-temp-allocator-size-preload-manager=33554432"
    "memorysetup-remapper-allocator-initial-capacity=32768"
    "memorysetup-temp-allocator-size-gi-baking-worker=262144"
    "memorysetup-temp-allocator-size-gi-baking-worker=262144"
    "memorysetup-temp-allocator-size-gi-baking-worker=262144"
    "memorysetup-temp-allocator-size-gi-baking-worker=262144"
    "memorysetup-temp-allocator-size-gi-baking-worker=262144"
    "memorysetup-bucket-allocator-granularity=16"
    "memorysetup-bucket-allocator-bucket-count=8"
    "memorysetup-bucket-allocator-block-size=33554432"
    "memorysetup-bucket-allocator-block-count=8"
    "memorysetup-main-allocator-block-size=16777216"
    "memorysetup-thread-allocator-block-size=16777216"
    "memorysetup-gfx-main-allocator-block-size=16777216"
    "memorysetup-gfx-thread-allocator-block-size=16777216"
    "memorysetup-cache-allocator-block-size=4194304"
    "memorysetup-typetree-allocator-block-size=2097152"
    "memorysetup-profiler-bucket-allocator-granularity=16"
    "memorysetup-profiler-bucket-allocator-bucket-count=8"
    "memorysetup-profiler-bucket-allocator-block-size=33554432"
    "memorysetup-profiler-bucket-allocator-block-count=8"
    "memorysetup-profiler-allocator-block-size=16777216"
    "memorysetup-profiler-editor-allocator-block-size=1048576"
    "memorysetup-temp-allocator-size-main=16777216"
    "memorysetup-job-temp-allocator-block-size=2097152"
    "memorysetup-job-temp-allocator-block-size-background=1048576"
    "memorysetup-job-temp-allocator-reduction-small-platforms=262144"
    "memorysetup-temp-allocator-size-cloud-worker=32768"
Player connection [6576]  Target information:

Player connection [6576]  * "[IP] 192.168.1.45 [Port] 55505 [Flags] 2 [Guid] 885864198 [EditorId] 885864198 [Version] 1048832 [Id] WindowsEditor(7,DESKTOP-R10PE55) [Debug] 1 [PackageName] WindowsEditor [ProjectName] Editor" 

Player connection [6576] Host joined multi-casting on [225.0.0.222:54997]...
Player connection [6576] Host joined alternative multi-casting on [225.0.0.222:34997]...
Input System module state changed to: Initialized.
[Physics::Module] Initialized fallback backend.
[Physics::Module] Id: 0xdecafbad
[Licensing::Client] Code 10 while verifying Licensing Client signature (process Id: 8116, path: "C:/Program Files/Unity Hub/UnityLicensingClient_V1/Unity.Licensing.Client.exe")
[Licensing::Module] LicensingClient has failed validation; ignoring
[Licensing::Client] Handshaking with LicensingClient:
  Version:                 1.18.3+d7ffd15
  Session Id:              71d71a2fb146426fbb0c7190d08daf2a
  Correlation Id:          7b0e9d3da2aaca8974fa37a21a35975e
  External correlation Id: 191110439311235837
  Machine Id:              2f5r11GGPSmasE3evuSWjGpcpFg=
[Licensing::Module] Successfully connected to LicensingClient on channel: "LicenseClient-crist" (connect: 0.00s, validation: 0.00s, handshake: 0.02s)
[Licensing::IpcConnector] Successfully connected to: "LicenseClient-crist-notifications" at "2026-10-05T07:04:51.1500117Z"
[Licensing::Module] Error: Access token is unavailable; failed to update
[Licensing::Client] Successfully resolved entitlement details
[Licensing::Module] License group:
  Id: 6872884678417-UnityPersXXXX
  Product: Unity Personal
  Type: Assigned
  Expiration: Unlimited
[Licensing::Client] Successfully updated license, isAsync: True, time: 0.00
[Licensing::Module] Licensing Background thread has ended after 0.02s
[Package Manager] Connected to IPC stream "Upm-34312" after 0.2 seconds.
[Licensing::Client] Successfully resolved entitlement details
Library Redirect Path: Library/
FMOD initialized on nosound output
[Physics::Module] Selected backend.
[Physics::Module] Name: PhysX
[Physics::Module] Id: 0xf2b8ea05
[Physics::Module] SDK Version: 4.1.2
[Physics::Module] Integration Version: 1.0.0
[Physics::Module] Threading Mode: Multi-Threaded
Refreshing native plugins compatible for Editor in 0.11 ms, found 0 plugins.
Preloading 0 native plugins for Editor in 0.00 ms.
Initialize engine version: 6000.3.23f1 (09d2ecc7fb28)
[Subsystems] Discovering subsystems at path C:/Program Files/Unity/Hub/Editor/6000.3.23f1/Editor/Data/Resources/UnitySubsystems
[Subsystems] Discovering subsystems at path C:/actions-runner-eldoria/_work/Eldoria-Prewiu/Eldoria-Prewiu/Unity/Assets
Forcing GfxDevice: Null
GfxDevice: creating device client; kGfxThreadingModeNonThreaded
NullGfxDevice:
    Version:  NULL 1.0 [1.0]
    Renderer: Null Device
    Vendor:   Unity Technologies
Initialize mono
Mono path[0] = 'C:/Program Files/Unity/Hub/Editor/6000.3.23f1/Editor/Data/Managed'
Mono path[1] = 'C:/Program Files/Unity/Hub/Editor/6000.3.23f1/Editor/Data/MonoBleedingEdge/lib/mono/unityjit-win32'
Mono config path = 'C:/Program Files/Unity/Hub/Editor/6000.3.23f1/Editor/Data/MonoBleedingEdge/etc'
Using monoOptions --debugger-agent=transport=dt_socket,embedding=1,server=y,suspend=n,address=127.0.0.1:56312
Using cacheserver namespaces - metadata:defaultmetadata, artifacts:defaultartifacts
Using cacheserver namespaces - metadata:defaultmetadata, artifacts:defaultartifacts
ImportWorker Server TCP listen port: 0
AcceleratorClientConnectionCallback - disconnected - :0
Begin MonoManager ReloadAssembly
Registering precompiled unity dll's ...
Register platform support module: C:/Program Files/Unity/Hub/Editor/6000.3.23f1/Editor/Data/PlaybackEngines/WebGLSupport/UnityEditor.WebGL.Extensions.dll
Register platform support module: C:/Program Files/Unity/Hub/Editor/6000.3.23f1/Editor/Data/PlaybackEngines/WindowsStandaloneSupport/UnityEditor.WindowsStandalone.Extensions.dll
[Licensing::Client] Successfully resolved entitlement details
Register platform support module: C:/Program Files/Unity/Hub/Editor/6000.3.23f1/Editor/Data/PlaybackEngines/iOSSupport/UnityEditor.iOS.Extensions.dll
Registered in 0.003541 seconds.
- Loaded All Assemblies, in  0.382 seconds
Native extension for iOS target not found
Native extension for WindowsStandalone target not found
Native extension for WebGL target not found
Package Manager log level set to [2]
ScheduleIndexationOnStartup MainProcess:False IndexOnStartup:False
Mono: successfully reloaded assembly
- Finished resetting the current domain, in  0.371 seconds
Domain Reload Profiling: 751ms
	BeginReloadAssembly (122ms)
		ExecutionOrderSort (0ms)
		DisableScriptedObjects (0ms)
		BackupInstance (0ms)
		ReleaseScriptingObjects (0ms)
		CreateAndSetChildDomain (6ms)
	RebuildCommonClasses (35ms)
	RebuildNativeTypeToScriptingClass (13ms)
	initialDomainReloadingComplete (44ms)
	LoadAllAssembliesAndSetupDomain (166ms)
		LoadAssemblies (114ms)
		RebuildTransferFunctionScriptingTraits (0ms)
		AnalyzeDomain (163ms)
			TypeCache.Refresh (161ms)
				TypeCache.ScanAssembly (148ms)
			BuildScriptInfoCaches (0ms)
			ResolveRequiredComponents (0ms)
	FinalizeReload (372ms)
		ReleaseScriptCaches (0ms)
		RebuildScriptCaches (0ms)
		SetupLoadedEditorAssemblies (334ms)
			LogAssemblyErrors (0ms)
			InitializePlatformSupportModulesInManaged (57ms)
			SetLoadedEditorAssemblies (4ms)
			BeforeProcessingInitializeOnLoad (82ms)
			ProcessInitializeOnLoadAttributes (121ms)
			ProcessInitializeOnLoadMethodAttributes (70ms)
			AfterProcessingInitializeOnLoad (0ms)
			EditorAssembliesLoaded (0ms)
		ExecutionOrderSort2 (0ms)
		AwakeInstancesAfterBackupRestoration (0ms)
[Licensing::Client] Successfully resolved entitlement details
Application.AssetDatabase Initial Refresh Start
[Package Manager] Restoring resolved packages state from cache
[Licensing::Client] Successfully resolved entitlement details
[Package Manager] Registered 25 packages:
  Packages from [https://packages.unity.com]:
    com.unity.cloud.gltfast@6.14.1 (location: C:\actions-runner-eldoria\_work\Eldoria-Prewiu\Eldoria-Prewiu\Unity\Library\PackageCache\com.unity.cloud.gltfast@0847aee0f6da)
    com.unity.inputsystem@1.17.0 (location: C:\actions-runner-eldoria\_work\Eldoria-Prewiu\Eldoria-Prewiu\Unity\Library\PackageCache\com.unity.inputsystem@02433b2481ab)
    com.unity.burst@1.8.30 (location: C:\actions-runner-eldoria\_work\Eldoria-Prewiu\Eldoria-Prewiu\Unity\Library\PackageCache\com.unity.burst@2f3d916873ea)
    com.unity.collections@2.6.8 (location: C:\actions-runner-eldoria\_work\Eldoria-Prewiu\Eldoria-Prewiu\Unity\Library\PackageCache\com.unity.collections@84e8eb3fc12e)
    com.unity.mathematics@1.3.3 (location: C:\actions-runner-eldoria\_work\Eldoria-Prewiu\Eldoria-Prewiu\Unity\Library\PackageCache\com.unity.mathematics@19a9377c4ffa)
    com.unity.searcher@4.9.5 (location: C:\actions-runner-eldoria\_work\Eldoria-Prewiu\Eldoria-Prewiu\Unity\Library\PackageCache\com.unity.searcher@a463122f2c00)
    com.unity.nuget.mono-cecil@1.11.6 (location: C:\actions-runner-eldoria\_work\Eldoria-Prewiu\Eldoria-Prewiu\Unity\Library\PackageCache\com.unity.nuget.mono-cecil@ecb9724e46ff)
    com.unity.test-framework.performance@3.5.0 (location: C:\actions-runner-eldoria\_work\Eldoria-Prewiu\Eldoria-Prewiu\Unity\Library\PackageCache\com.unity.test-framework.performance@8b56083ec0f0)
  Built-in packages:
    com.unity.render-pipelines.universal@17.3.0 (location: C:\actions-runner-eldoria\_work\Eldoria-Prewiu\Eldoria-Prewiu\Unity\Library\PackageCache\com.unity.render-pipelines.universal@7865b6b91f8a)
    com.unity.ugui@2.0.0 (location: C:\actions-runner-eldoria\_work\Eldoria-Prewiu\Eldoria-Prewiu\Unity\Library\PackageCache\com.unity.ugui@27635d171b1a)
    com.unity.test-framework@1.6.0 (location: C:\actions-runner-eldoria\_work\Eldoria-Prewiu\Eldoria-Prewiu\Unity\Library\PackageCache\com.unity.test-framework@bd7f943e9647)
    com.unity.modules.imageconversion@1.0.0 (location: C:\actions-runner-eldoria\_work\Eldoria-Prewiu\Eldoria-Prewiu\Unity\Library\PackageCache\com.unity.modules.imageconversion)
    com.unity.modules.unitywebrequest@1.0.0 (location: C:\actions-runner-eldoria\_work\Eldoria-Prewiu\Eldoria-Prewiu\Unity\Library\PackageCache\com.unity.modules.unitywebrequest)
    com.unity.modules.unitywebrequesttexture@1.0.0 (location: C:\actions-runner-eldoria\_work\Eldoria-Prewiu\Eldoria-Prewiu\Unity\Library\PackageCache\com.unity.modules.unitywebrequesttexture)
    com.unity.ext.nunit@2.0.5 (location: C:\actions-runner-eldoria\_work\Eldoria-Prewiu\Eldoria-Prewiu\Unity\Library\PackageCache\com.unity.ext.nunit@d8c07649098d)
    com.unity.modules.imgui@1.0.0 (location: C:\actions-runner-eldoria\_work\Eldoria-Prewiu\Eldoria-Prewiu\Unity\Library\PackageCache\com.unity.modules.imgui)
    com.unity.modules.jsonserialize@1.0.0 (location: C:\actions-runner-eldoria\_work\Eldoria-Prewiu\Eldoria-Prewiu\Unity\Library\PackageCache\com.unity.modules.jsonserialize)
    com.unity.modules.ui@1.0.0 (location: C:\actions-runner-eldoria\_work\Eldoria-Prewiu\Eldoria-Prewiu\Unity\Library\PackageCache\com.unity.modules.ui)
    com.unity.modules.uielements@1.0.0 (location: C:\actions-runner-eldoria\_work\Eldoria-Prewiu\Eldoria-Prewiu\Unity\Library\PackageCache\com.unity.modules.uielements)
    com.unity.render-pipelines.core@17.3.0 (location: C:\actions-runner-eldoria\_work\Eldoria-Prewiu\Eldoria-Prewiu\Unity\Library\PackageCache\com.unity.render-pipelines.core@0bb36005e9ba)
    com.unity.shadergraph@17.3.0 (location: C:\actions-runner-eldoria\_work\Eldoria-Prewiu\Eldoria-Prewiu\Unity\Library\PackageCache\com.unity.shadergraph@b4b75cc00891)
    com.unity.render-pipelines.universal-config@17.0.3 (location: C:\actions-runner-eldoria\_work\Eldoria-Prewiu\Eldoria-Prewiu\Unity\Library\PackageCache\com.unity.render-pipelines.universal-config@8dc1aab4af1d)
    com.unity.modules.hierarchycore@1.0.0 (location: C:\actions-runner-eldoria\_work\Eldoria-Prewiu\Eldoria-Prewiu\Unity\Library\PackageCache\com.unity.modules.hierarchycore)
    com.unity.modules.physics@1.0.0 (location: C:\actions-runner-eldoria\_work\Eldoria-Prewiu\Eldoria-Prewiu\Unity\Library\PackageCache\com.unity.modules.physics)
    com.unity.modules.terrain@1.0.0 (location: C:\actions-runner-eldoria\_work\Eldoria-Prewiu\Eldoria-Prewiu\Unity\Library\PackageCache\com.unity.modules.terrain)
[Subsystems] No new subsystems found in resolved package list.
[Package Manager] Done registering packages in 0.01 seconds
Starting: C:\Program Files\Unity\Hub\Editor\6000.3.23f1\Editor\Data\Tools\BuildPipeline\bee_backend.exe --ipc --defer-dag-verification --dagfile="Library/Bee/1900b0aE.dag" --continue-on-failure --profile="Library/Bee/backend1.traceevents" ScriptAssemblies
WorkingDir: C:/actions-runner-eldoria/_work/Eldoria-Prewiu/Eldoria-Prewiu/Unity
DisplayProgressbar: Compiling Scripts
ExitCode: 0 Duration: 0s172ms
[584/741    0s] ILPP-Configuration Library/ilpp-configuration.nevergeneratedoutput
*** Tundra build success (0.15 seconds), 1 items updated, 741 evaluated
AssetDatabase: script compilation time: 0.507058s
Begin MonoManager ReloadAssembly
- Loaded All Assemblies, in  0.684 seconds
Refreshing native plugins compatible for Editor in 0.45 ms, found 0 plugins.
Native extension for iOS target not found
Native extension for WindowsStandalone target not found
Native extension for WebGL target not found
ScheduleIndexationOnStartup MainProcess:True IndexOnStartup:False
Mono: successfully reloaded assembly
- Finished resetting the current domain, in  2.547 seconds
Domain Reload Profiling: 3229ms
	BeginReloadAssembly (320ms)
		ExecutionOrderSort (0ms)
		DisableScriptedObjects (61ms)
		BackupInstance (0ms)
		ReleaseScriptingObjects (0ms)
		CreateAndSetChildDomain (143ms)
	RebuildCommonClasses (34ms)
	RebuildNativeTypeToScriptingClass (13ms)
	initialDomainReloadingComplete (24ms)
	LoadAllAssembliesAndSetupDomain (289ms)
		LoadAssemblies (243ms)
		RebuildTransferFunctionScriptingTraits (0ms)
		AnalyzeDomain (132ms)
			TypeCache.Refresh (88ms)
				TypeCache.ScanAssembly (80ms)
			BuildScriptInfoCaches (32ms)
			ResolveRequiredComponents (10ms)
	FinalizeReload (2548ms)
		ReleaseScriptCaches (0ms)
		RebuildScriptCaches (0ms)
		SetupLoadedEditorAssemblies (2320ms)
			LogAssemblyErrors (0ms)
			InitializePlatformSupportModulesInManaged (30ms)
			SetLoadedEditorAssemblies (3ms)
			BeforeProcessingInitializeOnLoad (139ms)
			ProcessInitializeOnLoadAttributes (1976ms)
			ProcessInitializeOnLoadMethodAttributes (167ms)
			AfterProcessingInitializeOnLoad (5ms)
			EditorAssembliesLoaded (1ms)
		ExecutionOrderSort2 (0ms)
		AwakeInstancesAfterBackupRestoration (25ms)
Start importing Packages/com.unity.render-pipelines.core/Tests/Editor/UnifiedRayTracing/TraceRays.urtshader using Guid(1142bbad8b9e8c44c83a9775ff120d37) (ScriptedImporter)Launched and connected shader compiler UnityShaderCompiler.exe after 0.01 seconds

Compiling Ray Tracing Shader "TraceRays.urtshader", keywords = <no keywords>
    finished in 0.00 seconds. Local cache hits 1, remote cache hits 0, compiled 0 platform variants
 -> (artifact id: 'dd638e02bca59984993d349a248eb317') in 0.0346167 seconds
Start importing Packages/com.unity.render-pipelines.universal/Runtime/RendererFeatures/SurfaceCacheGI/SurfaceCacheCore/RisEstimation.urtshader using Guid(713f6141bd66a134383b787f2eaa7c11) (ScriptedImporter)
Compiling Ray Tracing Shader "RisEstimation.urtshader", keywords = <no keywords>
    finished in 0.00 seconds. Local cache hits 1, remote cache hits 0, compiled 0 platform variants
 -> (artifact id: '321aefa72d844652b88729da3244b29d') in 0.0106172 seconds
Start importing Packages/com.unity.render-pipelines.core/Editor/Lighting/ProbeVolume/RenderingLayerMask/TraceRenderingLayerMask.urtshader using Guid(94a070d33e408384bafc1dea4a565df9) (ScriptedImporter)
Compiling Ray Tracing Shader "TraceRenderingLayerMask.urtshader", keywords = <no keywords>
    finished in 0.00 seconds. Local cache hits 1, remote cache hits 0, compiled 0 platform variants
 -> (artifact id: '92a0bb7150ff7d9ec6bc75e0df27bd15') in 0.0110035 seconds
Start importing Packages/com.unity.render-pipelines.universal/Runtime/RendererFeatures/SurfaceCacheGI/SurfaceCacheCore/UniformEstimation.urtshader using Guid(94a39d12848d8d64ca962a72b74e7c50) (ScriptedImporter)
Compiling Ray Tracing Shader "UniformEstimation.urtshader", keywords = <no keywords>
    finished in 0.00 seconds. Local cache hits 1, remote cache hits 0, compiled 0 platform variants
 -> (artifact id: '0e156ebda1cce9f11c92623df456791b') in 0.0074182 seconds
Start importing Packages/com.unity.render-pipelines.core/Tests/Editor/UnifiedRayTracing/TraceTransparentRays.urtshader using Guid(6513c3b892e933c4f8d00c19d5c47532) (ScriptedImporter)
Compiling Ray Tracing Shader "TraceTransparentRays.urtshader", keywords = <no keywords>
    finished in 0.00 seconds. Local cache hits 1, remote cache hits 0, compiled 0 platform variants
 -> (artifact id: '6b9d31cccfa4cd462cadf40a7b6828a6') in 0.0040194 seconds
Start importing Packages/com.unity.render-pipelines.core/Editor/Lighting/ProbeVolume/DynamicGI/DynamicGISkyOcclusion.urtshader using Guid(5a2a534753fbdb44e96c3c78b5a6999d) (ScriptedImporter)
Compiling Ray Tracing Shader "DynamicGISkyOcclusion.urtshader", keywords = <no keywords>
    finished in 0.00 seconds. Local cache hits 1, remote cache hits 0, compiled 0 platform variants
 -> (artifact id: '9c28aba97d53600e0c1af1aeaeb3ee0b') in 0.0065597 seconds
Start importing Packages/com.unity.render-pipelines.core/Tests/Editor/UnifiedRayTracing/TraceRaysAndFetchAttributes.urtshader using Guid(fbc59f55df2416344b008dc23753cae2) (ScriptedImporter)
Compiling Ray Tracing Shader "TraceRaysAndFetchAttributes.urtshader", keywords = <no keywords>
    finished in 0.00 seconds. Local cache hits 1, remote cache hits 0, compiled 0 platform variants
 -> (artifact id: 'c036ee11528b06db66db12af6714a8c8') in 0.0050788 seconds
Start importing Packages/com.unity.render-pipelines.universal/Runtime/RendererFeatures/SurfaceCacheGI/SurfaceCacheCore/RestirCandidateTemporal.urtshader using Guid(ad3a9f9982f8c4f4a839a78955e78458) (ScriptedImporter)
Compiling Ray Tracing Shader "RestirCandidateTemporal.urtshader", keywords = <no keywords>
    finished in 0.00 seconds. Local cache hits 1, remote cache hits 0, compiled 0 platform variants
 -> (artifact id: 'fd25540064fb42b26a3e9c4d849c9d74') in 0.0096296 seconds
Start importing Packages/com.unity.render-pipelines.core/Editor/Lighting/ProbeVolume/VirtualOffset/TraceVirtualOffset.urtshader using Guid(ff2cbab5da58bf04d82c5f34037ed123) (ScriptedImporter)
Compiling Ray Tracing Shader "TraceVirtualOffset.urtshader", keywords = <no keywords>
    finished in 0.00 seconds. Local cache hits 1, remote cache hits 0, compiled 0 platform variants
 -> (artifact id: 'ed7f5efa6003d25c455bcbba31ab6d08') in 0.0091721 seconds
Refreshing native plugins compatible for Editor in 0.43 ms, found 0 plugins.
Preloading 0 native plugins for Editor in 0.00 ms.
Asset Pipeline Refresh (id=91203b8fae37e6249b766c9197ac5621): Total: 4.901 seconds - Initiated by InitialRefreshV2(ForceSynchronousImport)
	Summary:
		Imports: total=9 (actual=9, local cache=0, cache server=0)
		Asset DB Process Time: managed=2 ms, native=3380 ms
		Asset DB Callback time: managed=227 ms, native=58 ms
		Scripting: domain reloads=1, domain reload time=684 ms, compile time=508 ms, other=38 ms
		Project Asset Count: scripts=1089, non-scripts=3431
		Asset File Changes: new=0, changed=0, moved=0, deleted=0
		Scan Filter Count: 0
	InvokeCustomDependenciesCallbacks: 0.001ms
	InvokePackagesCallback: 8.704ms
	ApplyChangesToAssetFolders: 0.431ms
	Scan: 51.475ms
	OnSourceAssetsModified: 0.002ms
	CategorizeAssetsWithTransientArtifact: 17.753ms
	ProcessAssetsWithTransientArtifactChanges: 42.981ms
	CategorizeAssets: 56.842ms
	ImportOutOfDateAssets: 2657.679ms (2043.650ms without children)
		ImportManagerImport: 102.950ms (2.631ms without children)
			ImportInProcess: 99.865ms
			UpdateCategorizedAssets: 0.453ms
		CompileScripts: 508.451ms
		ReloadNativeAssets: 0.023ms
		UnloadImportedAssets: 0.689ms
		ReloadImportedAssets: 0.776ms
		EnsureUptoDateAssetsAreRegisteredWithGuidPM: 0.553ms
		InitializingProgressBar: 0.005ms
		PostProcessAllAssetNotificationsAddChangedAssets: 0.000ms
		OnDemandSchedulerStart: 0.581ms
	PostProcessAllAssets: 276.575ms
	Hotreload: 1.512ms
	GatherAllCurrentPrimaryArtifactRevisions: 0.002ms
	UnloadStreamsBegin: 3.594ms
	PersistCurrentRevisions: 0.199ms
	UnloadStreamsEnd: 0.001ms
	GenerateScriptTypeHashes: 4.025ms
	Untracked: 1783.555ms

Application.AssetDatabase Initial Refresh End
Scanning for USB devices : 3.029ms
Initializing Unity extensions:
[MODES] ModeService[none].Initialize
[MODES] ModeService[none].LoadModes
[MODES] Loading mode Default (0) for mode-current-id-Unity
Unloading 27 Unused Serialized files (Serialized files now loaded: 0)
Unloading 4085 unused Assets / (2.9 MB). Loaded Objects now: 5019.
Memory consumption went from 187.1 MB to 184.2 MB.
Total: 8.002800 ms (FindLiveObjects: 0.551700 ms CreateObjectMapping: 0.552400 ms MarkObjects: 4.919400 ms  DeleteObjects: 1.978600 ms)

Unity is not designed to run with Administrator privileges.

With elevated access, scripts in your project can modify system files, registry settings, or protected areas, even accidentally.
This could make your system unstable or unbootable.

Restart as a standard user for the safest experience.
Microsoft Media Foundation video decoding to texture disabled: graphics device is Null, only Direct3D 11 and Direct3D 12 (only on desktop) are supported for hardware-accelerated video decoding.
[Project] Loading completed in 7.507 seconds
	Project init time: 				6.428 seconds
		Template init time: 		0.000 seconds
		Package Manager init time: 		0.201 seconds
		Asset Database init time: 		0.214 seconds
		Global illumination init time: 	0.002 seconds
		Assemblies load time: 			0.770 seconds
		Unity extensions init time: 	0.005 seconds
		Asset Database refresh time: 	4.901 seconds
	Scene opening time: 			0.368 seconds
##utp:{"type":"ProjectInfo","version":2,"phase":"Immediate","time":1791183897944,"processId":34312,"projectLoad":7.5074955,"projectInit":6.4284199,"templateInit":0.0,"packageManagerInit":0.2010949,"assetDatabaseInit":0.2138415,"globalIlluminationInit":0.0019166,"assembliesLoad":0.7701458,"unityExtensionsInit":0.0048104,"assetDatabaseRefresh":4.9013876,"sceneOpening":0.3677676}
##utp:{"type":"EditorInfo","version":2,"phase":"Immediate","time":1791183897944,"processId":34312,"editorVersion":"6000.3.23f1 (09d2ecc7fb28)","branch":"6000.3/staging","buildType":"Release","platform":"Windows"}
[Licensing::Client] Successfully resolved entitlement details
Running tests for ExecutionSettings with details:
targetPlatform = 
playerHeartbeatTimeout = 600
filters[0] = 
   Filter with settings:
   testMode = PlayMode
   targetPlatform = 
   testNames = null
   groupNames = Eldoria.Tests.ReferenceUiArtPassTests, OwnerHudMatchesReferenceMobileBudgets, ValoriaProgressionContractGatesCuartelVisualAndInteraction
   categoryNames = null
   assemblyNames = null
ignoreTests = {}
featureFlags = null

UnityEngine.Debug:ExtractStackTraceNoAlloc (byte*,int,string)
UnityEngine.StackTraceUtility:ExtractStackTrace ()
UnityEngine.DebugLogHandler:Internal_Log (UnityEngine.LogType,UnityEngine.LogOption,string,UnityEngine.Object)
UnityEngine.DebugLogHandler:LogFormat (UnityEngine.LogType,UnityEngine.Object,string,object[])
UnityEngine.Logger:Log (UnityEngine.LogType,object)
UnityEngine.Debug:Log (object)
UnityEditor.TestTools.TestRunner.CommandLineTest.Executer:InitializeAndExecuteRun (string[]) (at ./Library/PackageCache/com.unity.test-framework@bd7f943e9647/UnityEditor.TestRunner/CommandLineTest/Executer.cs:53)
UnityEditor.TestTools.TestRunner.CommandLineTest.TestStarter:InitializeAndExecuteRun () (at ./Library/PackageCache/com.unity.test-framework@bd7f943e9647/UnityEditor.TestRunner/CommandLineTest/TestStarter.cs:64)
UnityEditor.EditorApplication:Internal_CallUpdateFunctions ()

(Filename: ./Library/PackageCache/com.unity.test-framework@bd7f943e9647/UnityEditor.TestRunner/CommandLineTest/Executer.cs Line: 53)

[UnityConnectServicesConfig] config is NOT valid, switching to default
Created GICache directory at C:/Users/crist/AppData/LocalLow/Unity/Caches/GiCache. Took: 0.011s, timestamps: [7.510 - 7.521]
[Licensing::Client] Successfully resolved entitlement details
[Licensing::Client] Successfully resolved entitlement details
Unloading 2 Unused Serialized files (Serialized files now loaded: 0)
Unloading 0 unused Assets / (43.9 KB). Loaded Objects now: 5034.
Memory consumption went from 178.1 MB to 178.1 MB.
Total: 7.443800 ms (FindLiveObjects: 0.169800 ms CreateObjectMapping: 0.081200 ms MarkObjects: 7.184600 ms  DeleteObjects: 0.007900 ms)

Start importing Assets/InitTestScene96a4dc72-e4a7-4e9e-b641-d7d1e855c487.unity using Guid(ba08ceed2af3b5f41a491d20456489f8) (DefaultImporter) -> (artifact id: 'c674511e706df139b5de5859a245e25d') in 0.0008641 seconds
Refreshing native plugins compatible for Editor in 0.28 ms, found 0 plugins.
Preloading 0 native plugins for Editor in 0.00 ms.
Asset Pipeline Refresh (id=ddad3b2ea5eebe94983cef8e11414e0a): Total: 0.059 seconds - Initiated by StopAssetImportingV2(NoUpdateAssetOptions)
Executing IPrebuildSetup for: Unity.PerformanceTesting.Editor.TestRunBuilder.
UnityEngine.Debug:ExtractStackTraceNoAlloc (byte*,int,string)
UnityEngine.StackTraceUtility:ExtractStackTrace ()
UnityEngine.DebugLogHandler:Internal_Log (UnityEngine.LogType,UnityEngine.LogOption,string,UnityEngine.Object)
UnityEngine.DebugLogHandler:LogFormat (UnityEngine.LogType,UnityEngine.Object,string,object[])
UnityEngine.Logger:Log (UnityEngine.LogType,object)
UnityEngine.Debug:Log (object)
UnityEditor.TestTools.TestRunner.TestRun.Tasks.BuildActionTaskBase`1/<ExecuteMethods>d__8<UnityEngine.TestTools.IPrebuildSetup>:MoveNext () (at ./Library/PackageCache/com.unity.test-framework@bd7f943e9647/UnityEditor.TestRunner/TestRun/Tasks/BuildActionTaskBase.cs:48)
UnityEditor.TestTools.TestRunner.TestRun.Tasks.BuildActionTaskBase`1/<Execute>d__7<UnityEngine.TestTools.IPrebuildSetup>:MoveNext () (at ./Library/PackageCache/com.unity.test-framework@bd7f943e9647/UnityEditor.TestRunner/TestRun/Tasks/BuildActionTaskBase.cs:34)
UnityEditor.TestTools.TestRunner.TestRun.TestJobRunner:ExecuteStep () (at ./Library/PackageCache/com.unity.test-framework@bd7f943e9647/UnityEditor.TestRunner/TestRun/TestJobRunner.cs:173)
UnityEditor.TestTools.TestRunner.TestRun.TestJobRunner:ExecuteCallback () (at ./Library/PackageCache/com.unity.test-framework@bd7f943e9647/UnityEditor.TestRunner/TestRun/TestJobRunner.cs:108)
UnityEditor.EditorApplication:Internal_CallUpdateFunctions ()

(Filename: ./Library/PackageCache/com.unity.test-framework@bd7f943e9647/UnityEditor.TestRunner/TestRun/Tasks/BuildActionTaskBase.cs Line: 48)

Reloading assemblies for play mode.
Reloading assemblies after forced synchronous recompile.
Begin MonoManager ReloadAssembly
- Loaded All Assemblies, in  0.569 seconds
Refreshing native plugins compatible for Editor in 0.46 ms, found 0 plugins.
Native extension for iOS target not found
Native extension for WindowsStandalone target not found
Native extension for WebGL target not found
ScheduleIndexationOnStartup MainProcess:True IndexOnStartup:False
Mono: successfully reloaded assembly
- Finished resetting the current domain, in  0.776 seconds
Domain Reload Profiling: 1344ms
	BeginReloadAssembly (363ms)
		ExecutionOrderSort (0ms)
		DisableScriptedObjects (47ms)
		BackupInstance (0ms)
		ReleaseScriptingObjects (0ms)
		CreateAndSetChildDomain (190ms)
	RebuildCommonClasses (34ms)
	RebuildNativeTypeToScriptingClass (15ms)
	initialDomainReloadingComplete (22ms)
	LoadAllAssembliesAndSetupDomain (133ms)
		LoadAssemblies (111ms)
		RebuildTransferFunctionScriptingTraits (0ms)
		AnalyzeDomain (109ms)
			TypeCache.Refresh (5ms)
				TypeCache.ScanAssembly (0ms)
			BuildScriptInfoCaches (77ms)
			ResolveRequiredComponents (24ms)
	FinalizeReload (777ms)
		ReleaseScriptCaches (0ms)
		RebuildScriptCaches (0ms)
		SetupLoadedEditorAssemblies (518ms)
			LogAssemblyErrors (0ms)
			InitializePlatformSupportModulesInManaged (29ms)
			SetLoadedEditorAssemblies (3ms)
			BeforeProcessingInitializeOnLoad (133ms)
			ProcessInitializeOnLoadAttributes (184ms)
			ProcessInitializeOnLoadMethodAttributes (163ms)
			AfterProcessingInitializeOnLoad (5ms)
			EditorAssembliesLoaded (0ms)
		ExecutionOrderSort2 (0ms)
		AwakeInstancesAfterBackupRestoration (25ms)
Asset Pipeline Refresh (id=6b2e60ec46d41a049b386d1f3a750028): Total: 1.468 seconds - Initiated by StopAssetImportingV2(ForceSynchronousImport | ForceDomainReload)
	Summary:
		Imports: total=0 (actual=0, local cache=0, cache server=0)
		Asset DB Process Time: managed=0 ms, native=864 ms
		Asset DB Callback time: managed=23 ms, native=0 ms
		Scripting: domain reloads=1, domain reload time=579 ms, compile time=1 ms, other=0 ms
		Project Asset Count: scripts=1089, non-scripts=3432
		Asset File Changes: new=0, changed=0, moved=0, deleted=0
		Scan Filter Count: 0
	InvokeCustomDependenciesCallbacks: 0.001ms
	InvokePackagesCallback: 1.254ms
	ApplyChangesToAssetFolders: 0.146ms
	Scan: 0.000ms
	OnSourceAssetsModified: 0.001ms
	CategorizeAssetsWithTransientArtifact: 0.003ms
	ProcessAssetsWithTransientArtifactChanges: 2.254ms
	CategorizeAssets: 53.586ms
	ImportOutOfDateAssets: 782.668ms (778.068ms without children)
		CompileScripts: 1.128ms
		CollectScriptTypesHashes: 1.495ms
		ReloadNativeAssets: 0.953ms
		UnloadImportedAssets: 0.069ms
		EnsureUptoDateAssetsAreRegisteredWithGuidPM: 0.638ms
		InitializingProgressBar: 0.000ms
		PostProcessAllAssetNotificationsAddChangedAssets: 0.000ms
		OnDemandSchedulerStart: 0.315ms
	PostProcessAllAssets: 23.033ms
	GatherAllCurrentPrimaryArtifactRevisions: 0.281ms
	UnloadStreamsBegin: 0.204ms
	PersistCurrentRevisions: 0.133ms
	UnloadStreamsEnd: 0.002ms
	GenerateScriptTypeHashes: 4.415ms
	Untracked: 604.443ms

Serialized reference type mismatch: field 'StoneTower' expects 'GameObject' but the stored reference is a 'Prefab'. The reference is treated as null (and serialized as null in player builds). Re-assign the field in the Inspector to fix it.
UnityEngine.Debug:ExtractStackTraceNoAlloc (byte*,int,string)
UnityEngine.StackTraceUtility:ExtractStackTrace ()
UnityEngine.ResourcesAPIInternal:Load (string,System.Type)
UnityEngine.ResourcesAPI:Load (string,System.Type)
UnityEngine.Resources:Load (string,System.Type)
UnityEngine.Resources:Load<Eldoria.Presentation.ValoriaExternalAssetLibrary> (string)
Eldoria.Presentation.ValoriaExternalAssetLibrary:Load () (at Assets/Eldoria/Scripts/Presentation/ValoriaExternalAssetLibrary.cs:45)
Eldoria.Presentation.VisualWorld:PlayableDistrictSkeleton (Eldoria.Domain.PlayerState) (at Assets/Eldoria/Scripts/Presentation/VisualWorld.cs:117)
Eldoria.Presentation.VisualWorld:Create (bool,Eldoria.Domain.PlayerState) (at Assets/Eldoria/Scripts/Presentation/VisualWorld.cs:79)
Eldoria.Presentation.SlicePresenter:OnSceneLoaded (UnityEngine.SceneManagement.Scene,UnityEngine.SceneManagement.LoadSceneMode) (at Assets/Eldoria/Scripts/Presentation/SlicePresenter.cs:48)
Eldoria.Presentation.SliceBoot:Initialize () (at Assets/Eldoria/Scripts/Presentation/SliceBoot.cs:42)

[Assets/Eldoria/Scripts/Presentation/SliceBoot.cs line 42]

Serialized reference type mismatch: field 'StoneWall' expects 'GameObject' but the stored reference is a 'Prefab'. The reference is treated as null (and serialized as null in player builds). Re-assign the field in the Inspector to fix it.
UnityEngine.Debug:ExtractStackTraceNoAlloc (byte*,int,string)
UnityEngine.StackTraceUtility:ExtractStackTrace ()
UnityEngine.ResourcesAPIInternal:Load (string,System.Type)
UnityEngine.ResourcesAPI:Load (string,System.Type)
UnityEngine.Resources:Load (string,System.Type)
UnityEngine.Resources:Load<Eldoria.Presentation.ValoriaExternalAssetLibrary> (string)
Eldoria.Presentation.ValoriaExternalAssetLibrary:Load () (at Assets/Eldoria/Scripts/Presentation/ValoriaExternalAssetLibrary.cs:45)
Eldoria.Presentation.VisualWorld:PlayableDistrictSkeleton (Eldoria.Domain.PlayerState) (at Assets/Eldoria/Scripts/Presentation/VisualWorld.cs:117)
Eldoria.Presentation.VisualWorld:Create (bool,Eldoria.Domain.PlayerState) (at Assets/Eldoria/Scripts/Presentation/VisualWorld.cs:79)
Eldoria.Presentation.SlicePresenter:OnSceneLoaded (UnityEngine.SceneManagement.Scene,UnityEngine.SceneManagement.LoadSceneMode) (at Assets/Eldoria/Scripts/Presentation/SlicePresenter.cs:48)
Eldoria.Presentation.SliceBoot:Initialize () (at Assets/Eldoria/Scripts/Presentation/SliceBoot.cs:42)

[Assets/Eldoria/Scripts/Presentation/SliceBoot.cs line 42]

Serialized reference type mismatch: field 'StoneGate' expects 'GameObject' but the stored reference is a 'Prefab'. The reference is treated as null (and serialized as null in player builds). Re-assign the field in the Inspector to fix it.
UnityEngine.Debug:ExtractStackTraceNoAlloc (byte*,int,string)
UnityEngine.StackTraceUtility:ExtractStackTrace ()
UnityEngine.ResourcesAPIInternal:Load (string,System.Type)
UnityEngine.ResourcesAPI:Load (string,System.Type)
UnityEngine.Resources:Load (string,System.Type)
UnityEngine.Resources:Load<Eldoria.Presentation.ValoriaExternalAssetLibrary> (string)
Eldoria.Presentation.ValoriaExternalAssetLibrary:Load () (at Assets/Eldoria/Scripts/Presentation/ValoriaExternalAssetLibrary.cs:45)
Eldoria.Presentation.VisualWorld:PlayableDistrictSkeleton (Eldoria.Domain.PlayerState) (at Assets/Eldoria/Scripts/Presentation/VisualWorld.cs:117)
Eldoria.Presentation.VisualWorld:Create (bool,Eldoria.Domain.PlayerState) (at Assets/Eldoria/Scripts/Presentation/VisualWorld.cs:79)
Eldoria.Presentation.SlicePresenter:OnSceneLoaded (UnityEngine.SceneManagement.Scene,UnityEngine.SceneManagement.LoadSceneMode) (at Assets/Eldoria/Scripts/Presentation/SlicePresenter.cs:48)
Eldoria.Presentation.SliceBoot:Initialize () (at Assets/Eldoria/Scripts/Presentation/SliceBoot.cs:42)

[Assets/Eldoria/Scripts/Presentation/SliceBoot.cs line 42]

Serialized reference type mismatch: field 'LumberMill' expects 'GameObject' but the stored reference is a 'Prefab'. The reference is treated as null (and serialized as null in player builds). Re-assign the field in the Inspector to fix it.
UnityEngine.Debug:ExtractStackTraceNoAlloc (byte*,int,string)
UnityEngine.StackTraceUtility:ExtractStackTrace ()
UnityEngine.ResourcesAPIInternal:Load (string,System.Type)
UnityEngine.ResourcesAPI:Load (string,System.Type)
UnityEngine.Resources:Load (string,System.Type)
UnityEngine.Resources:Load<Eldoria.Presentation.ValoriaExternalAssetLibrary> (string)
Eldoria.Presentation.ValoriaExternalAssetLibrary:Load () (at Assets/Eldoria/Scripts/Presentation/ValoriaExternalAssetLibrary.cs:45)
Eldoria.Presentation.VisualWorld:PlayableDistrictSkeleton (Eldoria.Domain.PlayerState) (at Assets/Eldoria/Scripts/Presentation/VisualWorld.cs:117)
Eldoria.Presentation.VisualWorld:Create (bool,Eldoria.Domain.PlayerState) (at Assets/Eldoria/Scripts/Presentation/VisualWorld.cs:79)
Eldoria.Presentation.SlicePresenter:OnSceneLoaded (UnityEngine.SceneManagement.Scene,UnityEngine.SceneManagement.LoadSceneMode) (at Assets/Eldoria/Scripts/Presentation/SlicePresenter.cs:48)
Eldoria.Presentation.SliceBoot:Initialize () (at Assets/Eldoria/Scripts/Presentation/SliceBoot.cs:42)

[Assets/Eldoria/Scripts/Presentation/SliceBoot.cs line 42]

Can't add 'Text' to Text because a 'Text' is already added to the game object!
A GameObject can only contain one 'Graphic' component.
UnityEngine.Debug:ExtractStackTraceNoAlloc (byte*,int,string)
UnityEngine.StackTraceUtility:ExtractStackTrace ()
UnityEngine.GameObject:Internal_AddComponentWithType (System.Type)
UnityEngine.GameObject:AddComponent (System.Type)
UnityEngine.GameObject:AddComponent<Eldoria.Tests.Text> ()
Eldoria.Tests.UiTextTestCompatibility:MirrorRuntimeLabels () (at Assets/Eldoria/Tests/PlayMode/UiTextTestCompatibility.cs:18)

[Assets/Eldoria/Tests/PlayMode/UiTextTestCompatibility.cs line 18]

NullReferenceException: Object reference not set to an instance of an object
  at Eldoria.Tests.UiTextTestCompatibility.MirrorRuntimeLabels () [0x00031] in C:\actions-runner-eldoria\_work\Eldoria-Prewiu\Eldoria-Prewiu\Unity\Assets\Eldoria\Tests\PlayMode\UiTextTestCompatibility.cs:19 

(Filename: Assets/Eldoria/Tests/PlayMode/UiTextTestCompatibility.cs Line: 19)

Loaded scene 'Temp/__Backupscenes/0.backup'
	Deserialize:            0.764 ms
	Integration:            826.787 ms
	Integration of assets:  0.001 ms
	Thread Wait Time:       0.005 ms
	Total Operation Time:   827.557 ms
[MODES] ModeService[none].Initialize
[MODES] ModeService[none].LoadModes
[Licensing::Client] Successfully resolved entitlement details
[Licensing::Client] Successfully resolved entitlement details
[Licensing::Client] Successfully resolved entitlement details
Unloading 154 Unused Serialized files (Serialized files now loaded: 0)
UnloadTime: 9.332800 ms
Loaded scene 'Assets/Eldoria/Scenes/Valoria.unity'
	Deserialize:            0.384 ms
	Integration:            283.720 ms
	Integration of assets:  0.001 ms
	Thread Wait Time:       0.336 ms
	Total Operation Time:   284.440 ms
Unloading 1823 unused Assets / (24.4 MB). Loaded Objects now: 15122.
Memory consumption went from 0.63 GB to 0.60 GB.
Total: 14.056500 ms (FindLiveObjects: 0.986700 ms CreateObjectMapping: 0.496400 ms MarkObjects: 7.469600 ms  DeleteObjects: 5.103300 ms)

Unloading 1 Unused Serialized files (Serialized files now loaded: 0)
UnloadTime: 6.944900 ms
Serialized reference type mismatch: field 'StoneTower' expects 'GameObject' but the stored reference is a 'Prefab'. The reference is treated as null (and serialized as null in player builds). Re-assign the field in the Inspector to fix it.
UnityEngine.Debug:ExtractStackTraceNoAlloc (byte*,int,string)
UnityEngine.StackTraceUtility:ExtractStackTrace ()
UnityEngine.ResourcesAPIInternal:Load (string,System.Type)
UnityEngine.ResourcesAPI:Load (string,System.Type)
UnityEngine.Resources:Load (string,System.Type)
UnityEngine.Resources:Load<Eldoria.Presentation.ValoriaExternalAssetLibrary> (string)
Eldoria.Presentation.ValoriaExternalAssetLibrary:Load () (at Assets/Eldoria/Scripts/Presentation/ValoriaExternalAssetLibrary.cs:45)
Eldoria.Presentation.VisualWorld:PlayableDistrictSkeleton (Eldoria.Domain.PlayerState) (at Assets/Eldoria/Scripts/Presentation/VisualWorld.cs:117)
Eldoria.Presentation.VisualWorld:Create (bool,Eldoria.Domain.PlayerState) (at Assets/Eldoria/Scripts/Presentation/VisualWorld.cs:79)
Eldoria.Presentation.SlicePresenter:OnSceneLoaded (UnityEngine.SceneManagement.Scene,UnityEngine.SceneManagement.LoadSceneMode) (at Assets/Eldoria/Scripts/Presentation/SlicePresenter.cs:48)
UnityEngine.SceneManagement.SceneManager:Internal_SceneLoaded (UnityEngine.SceneManagement.Scene,UnityEngine.SceneManagement.LoadSceneMode)

[Assets/Eldoria/Scripts/Presentation/ValoriaExternalAssetLibrary.cs line 45]

Serialized reference type mismatch: field 'StoneWall' expects 'GameObject' but the stored reference is a 'Prefab'. The reference is treated as null (and serialized as null in player builds). Re-assign the field in the Inspector to fix it.
UnityEngine.Debug:ExtractStackTraceNoAlloc (byte*,int,string)
UnityEngine.StackTraceUtility:ExtractStackTrace ()
UnityEngine.ResourcesAPIInternal:Load (string,System.Type)
UnityEngine.ResourcesAPI:Load (string,System.Type)
UnityEngine.Resources:Load (string,System.Type)
UnityEngine.Resources:Load<Eldoria.Presentation.ValoriaExternalAssetLibrary> (string)
Eldoria.Presentation.ValoriaExternalAssetLibrary:Load () (at Assets/Eldoria/Scripts/Presentation/ValoriaExternalAssetLibrary.cs:45)
Eldoria.Presentation.VisualWorld:PlayableDistrictSkeleton (Eldoria.Domain.PlayerState) (at Assets/Eldoria/Scripts/Presentation/VisualWorld.cs:117)
Eldoria.Presentation.VisualWorld:Create (bool,Eldoria.Domain.PlayerState) (at Assets/Eldoria/Scripts/Presentation/VisualWorld.cs:79)
Eldoria.Presentation.SlicePresenter:OnSceneLoaded (UnityEngine.SceneManagement.Scene,UnityEngine.SceneManagement.LoadSceneMode) (at Assets/Eldoria/Scripts/Presentation/SlicePresenter.cs:48)
UnityEngine.SceneManagement.SceneManager:Internal_SceneLoaded (UnityEngine.SceneManagement.Scene,UnityEngine.SceneManagement.LoadSceneMode)

[Assets/Eldoria/Scripts/Presentation/ValoriaExternalAssetLibrary.cs line 45]

Serialized reference type mismatch: field 'StoneGate' expects 'GameObject' but the stored reference is a 'Prefab'. The reference is treated as null (and serialized as null in player builds). Re-assign the field in the Inspector to fix it.
UnityEngine.Debug:ExtractStackTraceNoAlloc (byte*,int,string)
UnityEngine.StackTraceUtility:ExtractStackTrace ()
UnityEngine.ResourcesAPIInternal:Load (string,System.Type)
UnityEngine.ResourcesAPI:Load (string,System.Type)
UnityEngine.Resources:Load (string,System.Type)
UnityEngine.Resources:Load<Eldoria.Presentation.ValoriaExternalAssetLibrary> (string)
Eldoria.Presentation.ValoriaExternalAssetLibrary:Load () (at Assets/Eldoria/Scripts/Presentation/ValoriaExternalAssetLibrary.cs:45)
Eldoria.Presentation.VisualWorld:PlayableDistrictSkeleton (Eldoria.Domain.PlayerState) (at Assets/Eldoria/Scripts/Presentation/VisualWorld.cs:117)
Eldoria.Presentation.VisualWorld:Create (bool,Eldoria.Domain.PlayerState) (at Assets/Eldoria/Scripts/Presentation/VisualWorld.cs:79)
Eldoria.Presentation.SlicePresenter:OnSceneLoaded (UnityEngine.SceneManagement.Scene,UnityEngine.SceneManagement.LoadSceneMode) (at Assets/Eldoria/Scripts/Presentation/SlicePresenter.cs:48)
UnityEngine.SceneManagement.SceneManager:Internal_SceneLoaded (UnityEngine.SceneManagement.Scene,UnityEngine.SceneManagement.LoadSceneMode)

[Assets/Eldoria/Scripts/Presentation/ValoriaExternalAssetLibrary.cs line 45]

Serialized reference type mismatch: field 'LumberMill' expects 'GameObject' but the stored reference is a 'Prefab'. The reference is treated as null (and serialized as null in player builds). Re-assign the field in the Inspector to fix it.
UnityEngine.Debug:ExtractStackTraceNoAlloc (byte*,int,string)
UnityEngine.StackTraceUtility:ExtractStackTrace ()
UnityEngine.ResourcesAPIInternal:Load (string,System.Type)
UnityEngine.ResourcesAPI:Load (string,System.Type)
UnityEngine.Resources:Load (string,System.Type)
UnityEngine.Resources:Load<Eldoria.Presentation.ValoriaExternalAssetLibrary> (string)
Eldoria.Presentation.ValoriaExternalAssetLibrary:Load () (at Assets/Eldoria/Scripts/Presentation/ValoriaExternalAssetLibrary.cs:45)
Eldoria.Presentation.VisualWorld:PlayableDistrictSkeleton (Eldoria.Domain.PlayerState) (at Assets/Eldoria/Scripts/Presentation/VisualWorld.cs:117)
Eldoria.Presentation.VisualWorld:Create (bool,Eldoria.Domain.PlayerState) (at Assets/Eldoria/Scripts/Presentation/VisualWorld.cs:79)
Eldoria.Presentation.SlicePresenter:OnSceneLoaded (UnityEngine.SceneManagement.Scene,UnityEngine.SceneManagement.LoadSceneMode) (at Assets/Eldoria/Scripts/Presentation/SlicePresenter.cs:48)
UnityEngine.SceneManagement.SceneManager:Internal_SceneLoaded (UnityEngine.SceneManagement.Scene,UnityEngine.SceneManagement.LoadSceneMode)

[Assets/Eldoria/Scripts/Presentation/ValoriaExternalAssetLibrary.cs line 45]

Loaded scene 'Assets/Eldoria/Scenes/Valoria.unity'
	Deserialize:            0.329 ms
	Integration:            308.752 ms
	Integration of assets:  0.001 ms
	Thread Wait Time:       0.099 ms
	Total Operation Time:   309.181 ms
Unloading 1607 unused Assets / (21.9 MB). Loaded Objects now: 15113.
Memory consumption went from 0.63 GB to 0.61 GB.
Total: 12.738900 ms (FindLiveObjects: 0.910300 ms CreateObjectMapping: 0.478200 ms MarkObjects: 6.922100 ms  DeleteObjects: 4.427600 ms)

Unloading 82 Unused Serialized files (Serialized files now loaded: 0)
UnloadTime: 5.170100 ms
Serialized reference type mismatch: field 'StoneTower' expects 'GameObject' but the stored reference is a 'Prefab'. The reference is treated as null (and serialized as null in player builds). Re-assign the field in the Inspector to fix it.
UnityEngine.Debug:ExtractStackTraceNoAlloc (byte*,int,string)
UnityEngine.StackTraceUtility:ExtractStackTrace ()
UnityEngine.ResourcesAPIInternal:Load (string,System.Type)
UnityEngine.ResourcesAPI:Load (string,System.Type)
UnityEngine.Resources:Load (string,System.Type)
UnityEngine.Resources:Load<Eldoria.Presentation.ValoriaExternalAssetLibrary> (string)
Eldoria.Presentation.ValoriaExternalAssetLibrary:Load () (at Assets/Eldoria/Scripts/Presentation/ValoriaExternalAssetLibrary.cs:45)
Eldoria.Presentation.VisualWorld:PlayableDistrictSkeleton (Eldoria.Domain.PlayerState) (at Assets/Eldoria/Scripts/Presentation/VisualWorld.cs:117)
Eldoria.Presentation.VisualWorld:Create (bool,Eldoria.Domain.PlayerState) (at Assets/Eldoria/Scripts/Presentation/VisualWorld.cs:79)
Eldoria.Presentation.SlicePresenter:OnSceneLoaded (UnityEngine.SceneManagement.Scene,UnityEngine.SceneManagement.LoadSceneMode) (at Assets/Eldoria/Scripts/Presentation/SlicePresenter.cs:48)
UnityEngine.SceneManagement.SceneManager:Internal_SceneLoaded (UnityEngine.SceneManagement.Scene,UnityEngine.SceneManagement.LoadSceneMode)

[Assets/Eldoria/Scripts/Presentation/ValoriaExternalAssetLibrary.cs line 45]

Serialized reference type mismatch: field 'StoneWall' expects 'GameObject' but the stored reference is a 'Prefab'. The reference is treated as null (and serialized as null in player builds). Re-assign the field in the Inspector to fix it.
UnityEngine.Debug:ExtractStackTraceNoAlloc (byte*,int,string)
UnityEngine.StackTraceUtility:ExtractStackTrace ()
UnityEngine.ResourcesAPIInternal:Load (string,System.Type)
UnityEngine.ResourcesAPI:Load (string,System.Type)
UnityEngine.Resources:Load (string,System.Type)
UnityEngine.Resources:Load<Eldoria.Presentation.ValoriaExternalAssetLibrary> (string)
Eldoria.Presentation.ValoriaExternalAssetLibrary:Load () (at Assets/Eldoria/Scripts/Presentation/ValoriaExternalAssetLibrary.cs:45)
Eldoria.Presentation.VisualWorld:PlayableDistrictSkeleton (Eldoria.Domain.PlayerState) (at Assets/Eldoria/Scripts/Presentation/VisualWorld.cs:117)
Eldoria.Presentation.VisualWorld:Create (bool,Eldoria.Domain.PlayerState) (at Assets/Eldoria/Scripts/Presentation/VisualWorld.cs:79)
Eldoria.Presentation.SlicePresenter:OnSceneLoaded (UnityEngine.SceneManagement.Scene,UnityEngine.SceneManagement.LoadSceneMode) (at Assets/Eldoria/Scripts/Presentation/SlicePresenter.cs:48)
UnityEngine.SceneManagement.SceneManager:Internal_SceneLoaded (UnityEngine.SceneManagement.Scene,UnityEngine.SceneManagement.LoadSceneMode)

[Assets/Eldoria/Scripts/Presentation/ValoriaExternalAssetLibrary.cs line 45]

Serialized reference type mismatch: field 'StoneGate' expects 'GameObject' but the stored reference is a 'Prefab'. The reference is treated as null (and serialized as null in player builds). Re-assign the field in the Inspector to fix it.
UnityEngine.Debug:ExtractStackTraceNoAlloc (byte*,int,string)
UnityEngine.StackTraceUtility:ExtractStackTrace ()
UnityEngine.ResourcesAPIInternal:Load (string,System.Type)
UnityEngine.ResourcesAPI:Load (string,System.Type)
UnityEngine.Resources:Load (string,System.Type)
UnityEngine.Resources:Load<Eldoria.Presentation.ValoriaExternalAssetLibrary> (string)
Eldoria.Presentation.ValoriaExternalAssetLibrary:Load () (at Assets/Eldoria/Scripts/Presentation/ValoriaExternalAssetLibrary.cs:45)
Eldoria.Presentation.VisualWorld:PlayableDistrictSkeleton (Eldoria.Domain.PlayerState) (at Assets/Eldoria/Scripts/Presentation/VisualWorld.cs:117)
Eldoria.Presentation.VisualWorld:Create (bool,Eldoria.Domain.PlayerState) (at Assets/Eldoria/Scripts/Presentation/VisualWorld.cs:79)
Eldoria.Presentation.SlicePresenter:OnSceneLoaded (UnityEngine.SceneManagement.Scene,UnityEngine.SceneManagement.LoadSceneMode) (at Assets/Eldoria/Scripts/Presentation/SlicePresenter.cs:48)
UnityEngine.SceneManagement.SceneManager:Internal_SceneLoaded (UnityEngine.SceneManagement.Scene,UnityEngine.SceneManagement.LoadSceneMode)

[Assets/Eldoria/Scripts/Presentation/ValoriaExternalAssetLibrary.cs line 45]

Serialized reference type mismatch: field 'LumberMill' expects 'GameObject' but the stored reference is a 'Prefab'. The reference is treated as null (and serialized as null in player builds). Re-assign the field in the Inspector to fix it.
UnityEngine.Debug:ExtractStackTraceNoAlloc (byte*,int,string)
UnityEngine.StackTraceUtility:ExtractStackTrace ()
UnityEngine.ResourcesAPIInternal:Load (string,System.Type)
UnityEngine.ResourcesAPI:Load (string,System.Type)
UnityEngine.Resources:Load (string,System.Type)
UnityEngine.Resources:Load<Eldoria.Presentation.ValoriaExternalAssetLibrary> (string)
Eldoria.Presentation.ValoriaExternalAssetLibrary:Load () (at Assets/Eldoria/Scripts/Presentation/ValoriaExternalAssetLibrary.cs:45)
Eldoria.Presentation.VisualWorld:PlayableDistrictSkeleton (Eldoria.Domain.PlayerState) (at Assets/Eldoria/Scripts/Presentation/VisualWorld.cs:117)
Eldoria.Presentation.VisualWorld:Create (bool,Eldoria.Domain.PlayerState) (at Assets/Eldoria/Scripts/Presentation/VisualWorld.cs:79)
Eldoria.Presentation.SlicePresenter:OnSceneLoaded (UnityEngine.SceneManagement.Scene,UnityEngine.SceneManagement.LoadSceneMode) (at Assets/Eldoria/Scripts/Presentation/SlicePresenter.cs:48)
UnityEngine.SceneManagement.SceneManager:Internal_SceneLoaded (UnityEngine.SceneManagement.Scene,UnityEngine.SceneManagement.LoadSceneMode)

[Assets/Eldoria/Scripts/Presentation/ValoriaExternalAssetLibrary.cs line 45]

Loaded scene 'Assets/Eldoria/Scenes/Valoria.unity'
	Deserialize:            0.347 ms
	Integration:            307.690 ms
	Integration of assets:  0.023 ms
	Thread Wait Time:       5.294 ms
	Total Operation Time:   313.354 ms
Unloading 1598 unused Assets / (21.6 MB). Loaded Objects now: 15109.
Memory consumption went from 0.63 GB to 0.61 GB.
Total: 12.369900 ms (FindLiveObjects: 0.870300 ms CreateObjectMapping: 0.474000 ms MarkObjects: 6.794300 ms  DeleteObjects: 4.230900 ms)

Unloading 82 Unused Serialized files (Serialized files now loaded: 0)
UnloadTime: 6.486000 ms
Serialized reference type mismatch: field 'StoneTower' expects 'GameObject' but the stored reference is a 'Prefab'. The reference is treated as null (and serialized as null in player builds). Re-assign the field in the Inspector to fix it.
UnityEngine.Debug:ExtractStackTraceNoAlloc (byte*,int,string)
UnityEngine.StackTraceUtility:ExtractStackTrace ()
UnityEngine.ResourcesAPIInternal:Load (string,System.Type)
UnityEngine.ResourcesAPI:Load (string,System.Type)
UnityEngine.Resources:Load (string,System.Type)
UnityEngine.Resources:Load<Eldoria.Presentation.ValoriaExternalAssetLibrary> (string)
Eldoria.Presentation.ValoriaExternalAssetLibrary:Load () (at Assets/Eldoria/Scripts/Presentation/ValoriaExternalAssetLibrary.cs:45)
Eldoria.Presentation.VisualWorld:PlayableDistrictSkeleton (Eldoria.Domain.PlayerState) (at Assets/Eldoria/Scripts/Presentation/VisualWorld.cs:117)
Eldoria.Presentation.VisualWorld:Create (bool,Eldoria.Domain.PlayerState) (at Assets/Eldoria/Scripts/Presentation/VisualWorld.cs:79)
Eldoria.Presentation.SlicePresenter:OnSceneLoaded (UnityEngine.SceneManagement.Scene,UnityEngine.SceneManagement.LoadSceneMode) (at Assets/Eldoria/Scripts/Presentation/SlicePresenter.cs:48)
UnityEngine.SceneManagement.SceneManager:Internal_SceneLoaded (UnityEngine.SceneManagement.Scene,UnityEngine.SceneManagement.LoadSceneMode)

[Assets/Eldoria/Scripts/Presentation/ValoriaExternalAssetLibrary.cs line 45]

Serialized reference type mismatch: field 'StoneWall' expects 'GameObject' but the stored reference is a 'Prefab'. The reference is treated as null (and serialized as null in player builds). Re-assign the field in the Inspector to fix it.
UnityEngine.Debug:ExtractStackTraceNoAlloc (byte*,int,string)
UnityEngine.StackTraceUtility:ExtractStackTrace ()
UnityEngine.ResourcesAPIInternal:Load (string,System.Type)
UnityEngine.ResourcesAPI:Load (string,System.Type)
UnityEngine.Resources:Load (string,System.Type)
UnityEngine.Resources:Load<Eldoria.Presentation.ValoriaExternalAssetLibrary> (string)
Eldoria.Presentation.ValoriaExternalAssetLibrary:Load () (at Assets/Eldoria/Scripts/Presentation/ValoriaExternalAssetLibrary.cs:45)
Eldoria.Presentation.VisualWorld:PlayableDistrictSkeleton (Eldoria.Domain.PlayerState) (at Assets/Eldoria/Scripts/Presentation/VisualWorld.cs:117)
Eldoria.Presentation.VisualWorld:Create (bool,Eldoria.Domain.PlayerState) (at Assets/Eldoria/Scripts/Presentation/VisualWorld.cs:79)
Eldoria.Presentation.SlicePresenter:OnSceneLoaded (UnityEngine.SceneManagement.Scene,UnityEngine.SceneManagement.LoadSceneMode) (at Assets/Eldoria/Scripts/Presentation/SlicePresenter.cs:48)
UnityEngine.SceneManagement.SceneManager:Internal_SceneLoaded (UnityEngine.SceneManagement.Scene,UnityEngine.SceneManagement.LoadSceneMode)

[Assets/Eldoria/Scripts/Presentation/ValoriaExternalAssetLibrary.cs line 45]

Serialized reference type mismatch: field 'StoneGate' expects 'GameObject' but the stored reference is a 'Prefab'. The reference is treated as null (and serialized as null in player builds). Re-assign the field in the Inspector to fix it.
UnityEngine.Debug:ExtractStackTraceNoAlloc (byte*,int,string)
UnityEngine.StackTraceUtility:ExtractStackTrace ()
UnityEngine.ResourcesAPIInternal:Load (string,System.Type)
UnityEngine.ResourcesAPI:Load (string,System.Type)
UnityEngine.Resources:Load (string,System.Type)
UnityEngine.Resources:Load<Eldoria.Presentation.ValoriaExternalAssetLibrary> (string)
Eldoria.Presentation.ValoriaExternalAssetLibrary:Load () (at Assets/Eldoria/Scripts/Presentation/ValoriaExternalAssetLibrary.cs:45)
Eldoria.Presentation.VisualWorld:PlayableDistrictSkeleton (Eldoria.Domain.PlayerState) (at Assets/Eldoria/Scripts/Presentation/VisualWorld.cs:117)
Eldoria.Presentation.VisualWorld:Create (bool,Eldoria.Domain.PlayerState) (at Assets/Eldoria/Scripts/Presentation/VisualWorld.cs:79)
Eldoria.Presentation.SlicePresenter:OnSceneLoaded (UnityEngine.SceneManagement.Scene,UnityEngine.SceneManagement.LoadSceneMode) (at Assets/Eldoria/Scripts/Presentation/SlicePresenter.cs:48)
UnityEngine.SceneManagement.SceneManager:Internal_SceneLoaded (UnityEngine.SceneManagement.Scene,UnityEngine.SceneManagement.LoadSceneMode)

[Assets/Eldoria/Scripts/Presentation/ValoriaExternalAssetLibrary.cs line 45]

Serialized reference type mismatch: field 'LumberMill' expects 'GameObject' but the stored reference is a 'Prefab'. The reference is treated as null (and serialized as null in player builds). Re-assign the field in the Inspector to fix it.
UnityEngine.Debug:ExtractStackTraceNoAlloc (byte*,int,string)
UnityEngine.StackTraceUtility:ExtractStackTrace ()
UnityEngine.ResourcesAPIInternal:Load (string,System.Type)
UnityEngine.ResourcesAPI:Load (string,System.Type)
UnityEngine.Resources:Load (string,System.Type)
UnityEngine.Resources:Load<Eldoria.Presentation.ValoriaExternalAssetLibrary> (string)
Eldoria.Presentation.ValoriaExternalAssetLibrary:Load () (at Assets/Eldoria/Scripts/Presentation/ValoriaExternalAssetLibrary.cs:45)
Eldoria.Presentation.VisualWorld:PlayableDistrictSkeleton (Eldoria.Domain.PlayerState) (at Assets/Eldoria/Scripts/Presentation/VisualWorld.cs:117)
Eldoria.Presentation.VisualWorld:Create (bool,Eldoria.Domain.PlayerState) (at Assets/Eldoria/Scripts/Presentation/VisualWorld.cs:79)
Eldoria.Presentation.SlicePresenter:OnSceneLoaded (UnityEngine.SceneManagement.Scene,UnityEngine.SceneManagement.LoadSceneMode) (at Assets/Eldoria/Scripts/Presentation/SlicePresenter.cs:48)
UnityEngine.SceneManagement.SceneManager:Internal_SceneLoaded (UnityEngine.SceneManagement.Scene,UnityEngine.SceneManagement.LoadSceneMode)

[Assets/Eldoria/Scripts/Presentation/ValoriaExternalAssetLibrary.cs line 45]

Loaded scene 'Assets/Eldoria/Scenes/Valoria.unity'
	Deserialize:            0.339 ms
	Integration:            309.183 ms
	Integration of assets:  0.001 ms
	Thread Wait Time:       0.721 ms
	Total Operation Time:   310.245 ms
Unloading 1598 unused Assets / (16.6 MB). Loaded Objects now: 15113.
Memory consumption went from 0.63 GB to 0.61 GB.
Total: 12.686300 ms (FindLiveObjects: 0.956600 ms CreateObjectMapping: 0.480000 ms MarkObjects: 6.816200 ms  DeleteObjects: 4.433000 ms)

Unloading 82 Unused Serialized files (Serialized files now loaded: 0)
UnloadTime: 5.138300 ms
Serialized reference type mismatch: field 'StoneTower' expects 'GameObject' but the stored reference is a 'Prefab'. The reference is treated as null (and serialized as null in player builds). Re-assign the field in the Inspector to fix it.
UnityEngine.Debug:ExtractStackTraceNoAlloc (byte*,int,string)
UnityEngine.StackTraceUtility:ExtractStackTrace ()
UnityEngine.ResourcesAPIInternal:Load (string,System.Type)
UnityEngine.ResourcesAPI:Load (string,System.Type)
UnityEngine.Resources:Load (string,System.Type)
UnityEngine.Resources:Load<Eldoria.Presentation.ValoriaExternalAssetLibrary> (string)
Eldoria.Presentation.ValoriaExternalAssetLibrary:Load () (at Assets/Eldoria/Scripts/Presentation/ValoriaExternalAssetLibrary.cs:45)
Eldoria.Presentation.VisualWorld:Frontier (Eldoria.Domain.PlayerState) (at Assets/Eldoria/Scripts/Presentation/VisualWorld.cs:745)
Eldoria.Presentation.VisualWorld:Create (bool,Eldoria.Domain.PlayerState) (at Assets/Eldoria/Scripts/Presentation/VisualWorld.cs:81)
Eldoria.Presentation.SlicePresenter:OnSceneLoaded (UnityEngine.SceneManagement.Scene,UnityEngine.SceneManagement.LoadSceneMode) (at Assets/Eldoria/Scripts/Presentation/SlicePresenter.cs:48)
UnityEngine.SceneManagement.SceneManager:Internal_SceneLoaded (UnityEngine.SceneManagement.Scene,UnityEngine.SceneManagement.LoadSceneMode)

[Assets/Eldoria/Scripts/Presentation/ValoriaExternalAssetLibrary.cs line 45]

Serialized reference type mismatch: field 'StoneWall' expects 'GameObject' but the stored reference is a 'Prefab'. The reference is treated as null (and serialized as null in player builds). Re-assign the field in the Inspector to fix it.
UnityEngine.Debug:ExtractStackTraceNoAlloc (byte*,int,string)
UnityEngine.StackTraceUtility:ExtractStackTrace ()
UnityEngine.ResourcesAPIInternal:Load (string,System.Type)
UnityEngine.ResourcesAPI:Load (string,System.Type)
UnityEngine.Resources:Load (string,System.Type)
UnityEngine.Resources:Load<Eldoria.Presentation.ValoriaExternalAssetLibrary> (string)
Eldoria.Presentation.ValoriaExternalAssetLibrary:Load () (at Assets/Eldoria/Scripts/Presentation/ValoriaExternalAssetLibrary.cs:45)
Eldoria.Presentation.VisualWorld:Frontier (Eldoria.Domain.PlayerState) (at Assets/Eldoria/Scripts/Presentation/VisualWorld.cs:745)
Eldoria.Presentation.VisualWorld:Create (bool,Eldoria.Domain.PlayerState) (at Assets/Eldoria/Scripts/Presentation/VisualWorld.cs:81)
Eldoria.Presentation.SlicePresenter:OnSceneLoaded (UnityEngine.SceneManagement.Scene,UnityEngine.SceneManagement.LoadSceneMode) (at Assets/Eldoria/Scripts/Presentation/SlicePresenter.cs:48)
UnityEngine.SceneManagement.SceneManager:Internal_SceneLoaded (UnityEngine.SceneManagement.Scene,UnityEngine.SceneManagement.LoadSceneMode)

[Assets/Eldoria/Scripts/Presentation/ValoriaExternalAssetLibrary.cs line 45]

Serialized reference type mismatch: field 'StoneGate' expects 'GameObject' but the stored reference is a 'Prefab'. The reference is treated as null (and serialized as null in player builds). Re-assign the field in the Inspector to fix it.
UnityEngine.Debug:ExtractStackTraceNoAlloc (byte*,int,string)
UnityEngine.StackTraceUtility:ExtractStackTrace ()
UnityEngine.ResourcesAPIInternal:Load (string,System.Type)
UnityEngine.ResourcesAPI:Load (string,System.Type)
UnityEngine.Resources:Load (string,System.Type)
UnityEngine.Resources:Load<Eldoria.Presentation.ValoriaExternalAssetLibrary> (string)
Eldoria.Presentation.ValoriaExternalAssetLibrary:Load () (at Assets/Eldoria/Scripts/Presentation/ValoriaExternalAssetLibrary.cs:45)
Eldoria.Presentation.VisualWorld:Frontier (Eldoria.Domain.PlayerState) (at Assets/Eldoria/Scripts/Presentation/VisualWorld.cs:745)
Eldoria.Presentation.VisualWorld:Create (bool,Eldoria.Domain.PlayerState) (at Assets/Eldoria/Scripts/Presentation/VisualWorld.cs:81)
Eldoria.Presentation.SlicePresenter:OnSceneLoaded (UnityEngine.SceneManagement.Scene,UnityEngine.SceneManagement.LoadSceneMode) (at Assets/Eldoria/Scripts/Presentation/SlicePresenter.cs:48)
UnityEngine.SceneManagement.SceneManager:Internal_SceneLoaded (UnityEngine.SceneManagement.Scene,UnityEngine.SceneManagement.LoadSceneMode)

[Assets/Eldoria/Scripts/Presentation/ValoriaExternalAssetLibrary.cs line 45]

Serialized reference type mismatch: field 'LumberMill' expects 'GameObject' but the stored reference is a 'Prefab'. The reference is treated as null (and serialized as null in player builds). Re-assign the field in the Inspector to fix it.
UnityEngine.Debug:ExtractStackTraceNoAlloc (byte*,int,string)
UnityEngine.StackTraceUtility:ExtractStackTrace ()
UnityEngine.ResourcesAPIInternal:Load (string,System.Type)
UnityEngine.ResourcesAPI:Load (string,System.Type)
UnityEngine.Resources:Load (string,System.Type)
UnityEngine.Resources:Load<Eldoria.Presentation.ValoriaExternalAssetLibrary> (string)
Eldoria.Presentation.ValoriaExternalAssetLibrary:Load () (at Assets/Eldoria/Scripts/Presentation/ValoriaExternalAssetLibrary.cs:45)
Eldoria.Presentation.VisualWorld:Frontier (Eldoria.Domain.PlayerState) (at Assets/Eldoria/Scripts/Presentation/VisualWorld.cs:745)
Eldoria.Presentation.VisualWorld:Create (bool,Eldoria.Domain.PlayerState) (at Assets/Eldoria/Scripts/Presentation/VisualWorld.cs:81)
Eldoria.Presentation.SlicePresenter:OnSceneLoaded (UnityEngine.SceneManagement.Scene,UnityEngine.SceneManagement.LoadSceneMode) (at Assets/Eldoria/Scripts/Presentation/SlicePresenter.cs:48)
UnityEngine.SceneManagement.SceneManager:Internal_SceneLoaded (UnityEngine.SceneManagement.Scene,UnityEngine.SceneManagement.LoadSceneMode)

[Assets/Eldoria/Scripts/Presentation/ValoriaExternalAssetLibrary.cs line 45]

Loaded scene 'Assets/Eldoria/Scenes/Frontier.unity'
	Deserialize:            0.394 ms
	Integration:            279.844 ms
	Integration of assets:  0.001 ms
	Thread Wait Time:       5.346 ms
	Total Operation Time:   285.585 ms
Unloading 1489 unused Assets / (139.6 MB). Loaded Objects now: 8773.
Memory consumption went from 0.64 GB to 0.50 GB.
Total: 17.326700 ms (FindLiveObjects: 0.707500 ms CreateObjectMapping: 0.349000 ms MarkObjects: 6.874600 ms  DeleteObjects: 9.395200 ms)

Unloading 69 Unused Serialized files (Serialized files now loaded: 0)
UnloadTime: 3.958600 ms
Serialized reference type mismatch: field 'StoneTower' expects 'GameObject' but the stored reference is a 'Prefab'. The reference is treated as null (and serialized as null in player builds). Re-assign the field in the Inspector to fix it.
UnityEngine.Debug:ExtractStackTraceNoAlloc (byte*,int,string)
UnityEngine.StackTraceUtility:ExtractStackTrace ()
UnityEngine.ResourcesAPIInternal:Load (string,System.Type)
UnityEngine.ResourcesAPI:Load (string,System.Type)
UnityEngine.Resources:Load (string,System.Type)
UnityEngine.Resources:Load<Eldoria.Presentation.ValoriaExternalAssetLibrary> (string)
Eldoria.Presentation.ValoriaExternalAssetLibrary:Load () (at Assets/Eldoria/Scripts/Presentation/ValoriaExternalAssetLibrary.cs:45)
Eldoria.Presentation.VisualWorld:Frontier (Eldoria.Domain.PlayerState) (at Assets/Eldoria/Scripts/Presentation/VisualWorld.cs:745)
Eldoria.Presentation.VisualWorld:Create (bool,Eldoria.Domain.PlayerState) (at Assets/Eldoria/Scripts/Presentation/VisualWorld.cs:81)
Eldoria.Presentation.SlicePresenter:OnSceneLoaded (UnityEngine.SceneManagement.Scene,UnityEngine.SceneManagement.LoadSceneMode) (at Assets/Eldoria/Scripts/Presentation/SlicePresenter.cs:48)
UnityEngine.SceneManagement.SceneManager:Internal_SceneLoaded (UnityEngine.SceneManagement.Scene,UnityEngine.SceneManagement.LoadSceneMode)

[Assets/Eldoria/Scripts/Presentation/ValoriaExternalAssetLibrary.cs line 45]

Serialized reference type mismatch: field 'StoneWall' expects 'GameObject' but the stored reference is a 'Prefab'. The reference is treated as null (and serialized as null in player builds). Re-assign the field in the Inspector to fix it.
UnityEngine.Debug:ExtractStackTraceNoAlloc (byte*,int,string)
UnityEngine.StackTraceUtility:ExtractStackTrace ()
UnityEngine.ResourcesAPIInternal:Load (string,System.Type)
UnityEngine.ResourcesAPI:Load (string,System.Type)
UnityEngine.Resources:Load (string,System.Type)
UnityEngine.Resources:Load<Eldoria.Presentation.ValoriaExternalAssetLibrary> (string)
Eldoria.Presentation.ValoriaExternalAssetLibrary:Load () (at Assets/Eldoria/Scripts/Presentation/ValoriaExternalAssetLibrary.cs:45)
Eldoria.Presentation.VisualWorld:Frontier (Eldoria.Domain.PlayerState) (at Assets/Eldoria/Scripts/Presentation/VisualWorld.cs:745)
Eldoria.Presentation.VisualWorld:Create (bool,Eldoria.Domain.PlayerState) (at Assets/Eldoria/Scripts/Presentation/VisualWorld.cs:81)
Eldoria.Presentation.SlicePresenter:OnSceneLoaded (UnityEngine.SceneManagement.Scene,UnityEngine.SceneManagement.LoadSceneMode) (at Assets/Eldoria/Scripts/Presentation/SlicePresenter.cs:48)
UnityEngine.SceneManagement.SceneManager:Internal_SceneLoaded (UnityEngine.SceneManagement.Scene,UnityEngine.SceneManagement.LoadSceneMode)

[Assets/Eldoria/Scripts/Presentation/ValoriaExternalAssetLibrary.cs line 45]

Serialized reference type mismatch: field 'StoneGate' expects 'GameObject' but the stored reference is a 'Prefab'. The reference is treated as null (and serialized as null in player builds). Re-assign the field in the Inspector to fix it.
UnityEngine.Debug:ExtractStackTraceNoAlloc (byte*,int,string)
UnityEngine.StackTraceUtility:ExtractStackTrace ()
UnityEngine.ResourcesAPIInternal:Load (string,System.Type)
UnityEngine.ResourcesAPI:Load (string,System.Type)
UnityEngine.Resources:Load (string,System.Type)
UnityEngine.Resources:Load<Eldoria.Presentation.ValoriaExternalAssetLibrary> (string)
Eldoria.Presentation.ValoriaExternalAssetLibrary:Load () (at Assets/Eldoria/Scripts/Presentation/ValoriaExternalAssetLibrary.cs:45)
Eldoria.Presentation.VisualWorld:Frontier (Eldoria.Domain.PlayerState) (at Assets/Eldoria/Scripts/Presentation/VisualWorld.cs:745)
Eldoria.Presentation.VisualWorld:Create (bool,Eldoria.Domain.PlayerState) (at Assets/Eldoria/Scripts/Presentation/VisualWorld.cs:81)
Eldoria.Presentation.SlicePresenter:OnSceneLoaded (UnityEngine.SceneManagement.Scene,UnityEngine.SceneManagement.LoadSceneMode) (at Assets/Eldoria/Scripts/Presentation/SlicePresenter.cs:48)
UnityEngine.SceneManagement.SceneManager:Internal_SceneLoaded (UnityEngine.SceneManagement.Scene,UnityEngine.SceneManagement.LoadSceneMode)

[Assets/Eldoria/Scripts/Presentation/ValoriaExternalAssetLibrary.cs line 45]

Serialized reference type mismatch: field 'LumberMill' expects 'GameObject' but the stored reference is a 'Prefab'. The reference is treated as null (and serialized as null in player builds). Re-assign the field in the Inspector to fix it.
UnityEngine.Debug:ExtractStackTraceNoAlloc (byte*,int,string)
UnityEngine.StackTraceUtility:ExtractStackTrace ()
UnityEngine.ResourcesAPIInternal:Load (string,System.Type)
UnityEngine.ResourcesAPI:Load (string,System.Type)
UnityEngine.Resources:Load (string,System.Type)
UnityEngine.Resources:Load<Eldoria.Presentation.ValoriaExternalAssetLibrary> (string)
Eldoria.Presentation.ValoriaExternalAssetLibrary:Load () (at Assets/Eldoria/Scripts/Presentation/ValoriaExternalAssetLibrary.cs:45)
Eldoria.Presentation.VisualWorld:Frontier (Eldoria.Domain.PlayerState) (at Assets/Eldoria/Scripts/Presentation/VisualWorld.cs:745)
Eldoria.Presentation.VisualWorld:Create (bool,Eldoria.Domain.PlayerState) (at Assets/Eldoria/Scripts/Presentation/VisualWorld.cs:81)
Eldoria.Presentation.SlicePresenter:OnSceneLoaded (UnityEngine.SceneManagement.Scene,UnityEngine.SceneManagement.LoadSceneMode) (at Assets/Eldoria/Scripts/Presentation/SlicePresenter.cs:48)
UnityEngine.SceneManagement.SceneManager:Internal_SceneLoaded (UnityEngine.SceneManagement.Scene,UnityEngine.SceneManagement.LoadSceneMode)

[Assets/Eldoria/Scripts/Presentation/ValoriaExternalAssetLibrary.cs line 45]

Loaded scene 'Assets/Eldoria/Scenes/Frontier.unity'
	Deserialize:            0.429 ms
	Integration:            194.564 ms
	Integration of assets:  0.001 ms
	Thread Wait Time:       0.014 ms
	Total Operation Time:   195.008 ms
Unloading 885 unused Assets / (1.2 MB). Loaded Objects now: 8849.
Memory consumption went from 368.9 MB to 367.7 MB.
Total: 9.034700 ms (FindLiveObjects: 0.596400 ms CreateObjectMapping: 0.337200 ms MarkObjects: 6.527300 ms  DeleteObjects: 1.573400 ms)

Unloading 68 Unused Serialized files (Serialized files now loaded: 0)
UnloadTime: 2.024800 ms
Serialized reference type mismatch: field 'StoneTower' expects 'GameObject' but the stored reference is a 'Prefab'. The reference is treated as null (and serialized as null in player builds). Re-assign the field in the Inspector to fix it.
UnityEngine.Debug:ExtractStackTraceNoAlloc (byte*,int,string)
UnityEngine.StackTraceUtility:ExtractStackTrace ()
UnityEngine.ResourcesAPIInternal:Load (string,System.Type)
UnityEngine.ResourcesAPI:Load (string,System.Type)
UnityEngine.Resources:Load (string,System.Type)
UnityEngine.Resources:Load<Eldoria.Presentation.ValoriaExternalAssetLibrary> (string)
Eldoria.Presentation.ValoriaExternalAssetLibrary:Load () (at Assets/Eldoria/Scripts/Presentation/ValoriaExternalAssetLibrary.cs:45)
Eldoria.Presentation.VisualWorld:Frontier (Eldoria.Domain.PlayerState) (at Assets/Eldoria/Scripts/Presentation/VisualWorld.cs:745)
Eldoria.Presentation.VisualWorld:Create (bool,Eldoria.Domain.PlayerState) (at Assets/Eldoria/Scripts/Presentation/VisualWorld.cs:81)
Eldoria.Presentation.SlicePresenter:OnSceneLoaded (UnityEngine.SceneManagement.Scene,UnityEngine.SceneManagement.LoadSceneMode) (at Assets/Eldoria/Scripts/Presentation/SlicePresenter.cs:48)
UnityEngine.SceneManagement.SceneManager:Internal_SceneLoaded (UnityEngine.SceneManagement.Scene,UnityEngine.SceneManagement.LoadSceneMode)

[Assets/Eldoria/Scripts/Presentation/ValoriaExternalAssetLibrary.cs line 45]

Serialized reference type mismatch: field 'StoneWall' expects 'GameObject' but the stored reference is a 'Prefab'. The reference is treated as null (and serialized as null in player builds). Re-assign the field in the Inspector to fix it.
UnityEngine.Debug:ExtractStackTraceNoAlloc (byte*,int,string)
UnityEngine.StackTraceUtility:ExtractStackTrace ()
UnityEngine.ResourcesAPIInternal:Load (string,System.Type)
UnityEngine.ResourcesAPI:Load (string,System.Type)
UnityEngine.Resources:Load (string,System.Type)
UnityEngine.Resources:Load<Eldoria.Presentation.ValoriaExternalAssetLibrary> (string)
Eldoria.Presentation.ValoriaExternalAssetLibrary:Load () (at Assets/Eldoria/Scripts/Presentation/ValoriaExternalAssetLibrary.cs:45)
Eldoria.Presentation.VisualWorld:Frontier (Eldoria.Domain.PlayerState) (at Assets/Eldoria/Scripts/Presentation/VisualWorld.cs:745)
Eldoria.Presentation.VisualWorld:Create (bool,Eldoria.Domain.PlayerState) (at Assets/Eldoria/Scripts/Presentation/VisualWorld.cs:81)
Eldoria.Presentation.SlicePresenter:OnSceneLoaded (UnityEngine.SceneManagement.Scene,UnityEngine.SceneManagement.LoadSceneMode) (at Assets/Eldoria/Scripts/Presentation/SlicePresenter.cs:48)
UnityEngine.SceneManagement.SceneManager:Internal_SceneLoaded (UnityEngine.SceneManagement.Scene,UnityEngine.SceneManagement.LoadSceneMode)

[Assets/Eldoria/Scripts/Presentation/ValoriaExternalAssetLibrary.cs line 45]

Serialized reference type mismatch: field 'StoneGate' expects 'GameObject' but the stored reference is a 'Prefab'. The reference is treated as null (and serialized as null in player builds). Re-assign the field in the Inspector to fix it.
UnityEngine.Debug:ExtractStackTraceNoAlloc (byte*,int,string)
UnityEngine.StackTraceUtility:ExtractStackTrace ()
UnityEngine.ResourcesAPIInternal:Load (string,System.Type)
UnityEngine.ResourcesAPI:Load (string,System.Type)
UnityEngine.Resources:Load (string,System.Type)
UnityEngine.Resources:Load<Eldoria.Presentation.ValoriaExternalAssetLibrary> (string)
Eldoria.Presentation.ValoriaExternalAssetLibrary:Load () (at Assets/Eldoria/Scripts/Presentation/ValoriaExternalAssetLibrary.cs:45)
Eldoria.Presentation.VisualWorld:Frontier (Eldoria.Domain.PlayerState) (at Assets/Eldoria/Scripts/Presentation/VisualWorld.cs:745)
Eldoria.Presentation.VisualWorld:Create (bool,Eldoria.Domain.PlayerState) (at Assets/Eldoria/Scripts/Presentation/VisualWorld.cs:81)
Eldoria.Presentation.SlicePresenter:OnSceneLoaded (UnityEngine.SceneManagement.Scene,UnityEngine.SceneManagement.LoadSceneMode) (at Assets/Eldoria/Scripts/Presentation/SlicePresenter.cs:48)
UnityEngine.SceneManagement.SceneManager:Internal_SceneLoaded (UnityEngine.SceneManagement.Scene,UnityEngine.SceneManagement.LoadSceneMode)

[Assets/Eldoria/Scripts/Presentation/ValoriaExternalAssetLibrary.cs line 45]

Serialized reference type mismatch: field 'LumberMill' expects 'GameObject' but the stored reference is a 'Prefab'. The reference is treated as null (and serialized as null in player builds). Re-assign the field in the Inspector to fix it.
UnityEngine.Debug:ExtractStackTraceNoAlloc (byte*,int,string)
UnityEngine.StackTraceUtility:ExtractStackTrace ()
UnityEngine.ResourcesAPIInternal:Load (string,System.Type)
UnityEngine.ResourcesAPI:Load (string,System.Type)
UnityEngine.Resources:Load (string,System.Type)
UnityEngine.Resources:Load<Eldoria.Presentation.ValoriaExternalAssetLibrary> (string)
Eldoria.Presentation.ValoriaExternalAssetLibrary:Load () (at Assets/Eldoria/Scripts/Presentation/ValoriaExternalAssetLibrary.cs:45)
Eldoria.Presentation.VisualWorld:Frontier (Eldoria.Domain.PlayerState) (at Assets/Eldoria/Scripts/Presentation/VisualWorld.cs:745)
Eldoria.Presentation.VisualWorld:Create (bool,Eldoria.Domain.PlayerState) (at Assets/Eldoria/Scripts/Presentation/VisualWorld.cs:81)
Eldoria.Presentation.SlicePresenter:OnSceneLoaded (UnityEngine.SceneManagement.Scene,UnityEngine.SceneManagement.LoadSceneMode) (at Assets/Eldoria/Scripts/Presentation/SlicePresenter.cs:48)
UnityEngine.SceneManagement.SceneManager:Internal_SceneLoaded (UnityEngine.SceneManagement.Scene,UnityEngine.SceneManagement.LoadSceneMode)

[Assets/Eldoria/Scripts/Presentation/ValoriaExternalAssetLibrary.cs line 45]

Loaded scene 'Assets/Eldoria/Scenes/Frontier.unity'
	Deserialize:            0.336 ms
	Integration:            188.126 ms
	Integration of assets:  0.001 ms
	Thread Wait Time:       3.760 ms
	Total Operation Time:   192.224 ms
Unloading 885 unused Assets / (1.2 MB). Loaded Objects now: 8777.
Memory consumption went from 369.1 MB to 367.9 MB.
Total: 9.256800 ms (FindLiveObjects: 0.572200 ms CreateObjectMapping: 0.294600 ms MarkObjects: 6.826000 ms  DeleteObjects: 1.563600 ms)

Unloading 68 Unused Serialized files (Serialized files now loaded: 0)
UnloadTime: 2.941900 ms
Serialized reference type mismatch: field 'StoneTower' expects 'GameObject' but the stored reference is a 'Prefab'. The reference is treated as null (and serialized as null in player builds). Re-assign the field in the Inspector to fix it.
UnityEngine.Debug:ExtractStackTraceNoAlloc (byte*,int,string)
UnityEngine.StackTraceUtility:ExtractStackTrace ()
UnityEngine.ResourcesAPIInternal:Load (string,System.Type)
UnityEngine.ResourcesAPI:Load (string,System.Type)
UnityEngine.Resources:Load (string,System.Type)
UnityEngine.Resources:Load<Eldoria.Presentation.ValoriaExternalAssetLibrary> (string)
Eldoria.Presentation.ValoriaExternalAssetLibrary:Load () (at Assets/Eldoria/Scripts/Presentation/ValoriaExternalAssetLibrary.cs:45)
Eldoria.Presentation.VisualWorld:Frontier (Eldoria.Domain.PlayerState) (at Assets/Eldoria/Scripts/Presentation/VisualWorld.cs:745)
Eldoria.Presentation.VisualWorld:Create (bool,Eldoria.Domain.PlayerState) (at Assets/Eldoria/Scripts/Presentation/VisualWorld.cs:81)
Eldoria.Presentation.SlicePresenter:OnSceneLoaded (UnityEngine.SceneManagement.Scene,UnityEngine.SceneManagement.LoadSceneMode) (at Assets/Eldoria/Scripts/Presentation/SlicePresenter.cs:48)
UnityEngine.SceneManagement.SceneManager:Internal_SceneLoaded (UnityEngine.SceneManagement.Scene,UnityEngine.SceneManagement.LoadSceneMode)

[Assets/Eldoria/Scripts/Presentation/ValoriaExternalAssetLibrary.cs line 45]

Serialized reference type mismatch: field 'StoneWall' expects 'GameObject' but the stored reference is a 'Prefab'. The reference is treated as null (and serialized as null in player builds). Re-assign the field in the Inspector to fix it.
UnityEngine.Debug:ExtractStackTraceNoAlloc (byte*,int,string)
UnityEngine.StackTraceUtility:ExtractStackTrace ()
UnityEngine.ResourcesAPIInternal:Load (string,System.Type)
UnityEngine.ResourcesAPI:Load (string,System.Type)
UnityEngine.Resources:Load (string,System.Type)
UnityEngine.Resources:Load<Eldoria.Presentation.ValoriaExternalAssetLibrary> (string)
Eldoria.Presentation.ValoriaExternalAssetLibrary:Load () (at Assets/Eldoria/Scripts/Presentation/ValoriaExternalAssetLibrary.cs:45)
Eldoria.Presentation.VisualWorld:Frontier (Eldoria.Domain.PlayerState) (at Assets/Eldoria/Scripts/Presentation/VisualWorld.cs:745)
Eldoria.Presentation.VisualWorld:Create (bool,Eldoria.Domain.PlayerState) (at Assets/Eldoria/Scripts/Presentation/VisualWorld.cs:81)
Eldoria.Presentation.SlicePresenter:OnSceneLoaded (UnityEngine.SceneManagement.Scene,UnityEngine.SceneManagement.LoadSceneMode) (at Assets/Eldoria/Scripts/Presentation/SlicePresenter.cs:48)
UnityEngine.SceneManagement.SceneManager:Internal_SceneLoaded (UnityEngine.SceneManagement.Scene,UnityEngine.SceneManagement.LoadSceneMode)

[Assets/Eldoria/Scripts/Presentation/ValoriaExternalAssetLibrary.cs line 45]

Serialized reference type mismatch: field 'StoneGate' expects 'GameObject' but the stored reference is a 'Prefab'. The reference is treated as null (and serialized as null in player builds). Re-assign the field in the Inspector to fix it.
UnityEngine.Debug:ExtractStackTraceNoAlloc (byte*,int,string)
UnityEngine.StackTraceUtility:ExtractStackTrace ()
UnityEngine.ResourcesAPIInternal:Load (string,System.Type)
UnityEngine.ResourcesAPI:Load (string,System.Type)
UnityEngine.Resources:Load (string,System.Type)
UnityEngine.Resources:Load<Eldoria.Presentation.ValoriaExternalAssetLibrary> (string)
Eldoria.Presentation.ValoriaExternalAssetLibrary:Load () (at Assets/Eldoria/Scripts/Presentation/ValoriaExternalAssetLibrary.cs:45)
Eldoria.Presentation.VisualWorld:Frontier (Eldoria.Domain.PlayerState) (at Assets/Eldoria/Scripts/Presentation/VisualWorld.cs:745)
Eldoria.Presentation.VisualWorld:Create (bool,Eldoria.Domain.PlayerState) (at Assets/Eldoria/Scripts/Presentation/VisualWorld.cs:81)
Eldoria.Presentation.SlicePresenter:OnSceneLoaded (UnityEngine.SceneManagement.Scene,UnityEngine.SceneManagement.LoadSceneMode) (at Assets/Eldoria/Scripts/Presentation/SlicePresenter.cs:48)
UnityEngine.SceneManagement.SceneManager:Internal_SceneLoaded (UnityEngine.SceneManagement.Scene,UnityEngine.SceneManagement.LoadSceneMode)

[Assets/Eldoria/Scripts/Presentation/ValoriaExternalAssetLibrary.cs line 45]

Serialized reference type mismatch: field 'LumberMill' expects 'GameObject' but the stored reference is a 'Prefab'. The reference is treated as null (and serialized as null in player builds). Re-assign the field in the Inspector to fix it.
UnityEngine.Debug:ExtractStackTraceNoAlloc (byte*,int,string)
UnityEngine.StackTraceUtility:ExtractStackTrace ()
UnityEngine.ResourcesAPIInternal:Load (string,System.Type)
UnityEngine.ResourcesAPI:Load (string,System.Type)
UnityEngine.Resources:Load (string,System.Type)
UnityEngine.Resources:Load<Eldoria.Presentation.ValoriaExternalAssetLibrary> (string)
Eldoria.Presentation.ValoriaExternalAssetLibrary:Load () (at Assets/Eldoria/Scripts/Presentation/ValoriaExternalAssetLibrary.cs:45)
Eldoria.Presentation.VisualWorld:Frontier (Eldoria.Domain.PlayerState) (at Assets/Eldoria/Scripts/Presentation/VisualWorld.cs:745)
Eldoria.Presentation.VisualWorld:Create (bool,Eldoria.Domain.PlayerState) (at Assets/Eldoria/Scripts/Presentation/VisualWorld.cs:81)
Eldoria.Presentation.SlicePresenter:OnSceneLoaded (UnityEngine.SceneManagement.Scene,UnityEngine.SceneManagement.LoadSceneMode) (at Assets/Eldoria/Scripts/Presentation/SlicePresenter.cs:48)
UnityEngine.SceneManagement.SceneManager:Internal_SceneLoaded (UnityEngine.SceneManagement.Scene,UnityEngine.SceneManagement.LoadSceneMode)

[Assets/Eldoria/Scripts/Presentation/ValoriaExternalAssetLibrary.cs line 45]

Loaded scene 'Assets/Eldoria/Scenes/Frontier.unity'
	Deserialize:            0.423 ms
	Integration:            187.245 ms
	Integration of assets:  0.001 ms
	Thread Wait Time:       17.049 ms
	Total Operation Time:   204.717 ms
Unloading 885 unused Assets / (1.3 MB). Loaded Objects now: 8849.
Memory consumption went from 368.9 MB to 367.7 MB.
Total: 8.710100 ms (FindLiveObjects: 0.584800 ms CreateObjectMapping: 0.327500 ms MarkObjects: 6.254200 ms  DeleteObjects: 1.543200 ms)

Unloading 68 Unused Serialized files (Serialized files now loaded: 0)
UnloadTime: 2.080400 ms
Serialized reference type mismatch: field 'StoneTower' expects 'GameObject' but the stored reference is a 'Prefab'. The reference is treated as null (and serialized as null in player builds). Re-assign the field in the Inspector to fix it.
UnityEngine.Debug:ExtractStackTraceNoAlloc (byte*,int,string)
UnityEngine.StackTraceUtility:ExtractStackTrace ()
UnityEngine.ResourcesAPIInternal:Load (string,System.Type)
UnityEngine.ResourcesAPI:Load (string,System.Type)
UnityEngine.Resources:Load (string,System.Type)
UnityEngine.Resources:Load<Eldoria.Presentation.ValoriaExternalAssetLibrary> (string)
Eldoria.Presentation.ValoriaExternalAssetLibrary:Load () (at Assets/Eldoria/Scripts/Presentation/ValoriaExternalAssetLibrary.cs:45)
Eldoria.Presentation.VisualWorld:Frontier (Eldoria.Domain.PlayerState) (at Assets/Eldoria/Scripts/Presentation/VisualWorld.cs:745)
Eldoria.Presentation.VisualWorld:Create (bool,Eldoria.Domain.PlayerState) (at Assets/Eldoria/Scripts/Presentation/VisualWorld.cs:81)
Eldoria.Presentation.SlicePresenter:OnSceneLoaded (UnityEngine.SceneManagement.Scene,UnityEngine.SceneManagement.LoadSceneMode) (at Assets/Eldoria/Scripts/Presentation/SlicePresenter.cs:48)
UnityEngine.SceneManagement.SceneManager:Internal_SceneLoaded (UnityEngine.SceneManagement.Scene,UnityEngine.SceneManagement.LoadSceneMode)

[Assets/Eldoria/Scripts/Presentation/ValoriaExternalAssetLibrary.cs line 45]

Serialized reference type mismatch: field 'StoneWall' expects 'GameObject' but the stored reference is a 'Prefab'. The reference is treated as null (and serialized as null in player builds). Re-assign the field in the Inspector to fix it.
UnityEngine.Debug:ExtractStackTraceNoAlloc (byte*,int,string)
UnityEngine.StackTraceUtility:ExtractStackTrace ()
UnityEngine.ResourcesAPIInternal:Load (string,System.Type)
UnityEngine.ResourcesAPI:Load (string,System.Type)
UnityEngine.Resources:Load (string,System.Type)
UnityEngine.Resources:Load<Eldoria.Presentation.ValoriaExternalAssetLibrary> (string)
Eldoria.Presentation.ValoriaExternalAssetLibrary:Load () (at Assets/Eldoria/Scripts/Presentation/ValoriaExternalAssetLibrary.cs:45)
Eldoria.Presentation.VisualWorld:Frontier (Eldoria.Domain.PlayerState) (at Assets/Eldoria/Scripts/Presentation/VisualWorld.cs:745)
Eldoria.Presentation.VisualWorld:Create (bool,Eldoria.Domain.PlayerState) (at Assets/Eldoria/Scripts/Presentation/VisualWorld.cs:81)
Eldoria.Presentation.SlicePresenter:OnSceneLoaded (UnityEngine.SceneManagement.Scene,UnityEngine.SceneManagement.LoadSceneMode) (at Assets/Eldoria/Scripts/Presentation/SlicePresenter.cs:48)
UnityEngine.SceneManagement.SceneManager:Internal_SceneLoaded (UnityEngine.SceneManagement.Scene,UnityEngine.SceneManagement.LoadSceneMode)

[Assets/Eldoria/Scripts/Presentation/ValoriaExternalAssetLibrary.cs line 45]

Serialized reference type mismatch: field 'StoneGate' expects 'GameObject' but the stored reference is a 'Prefab'. The reference is treated as null (and serialized as null in player builds). Re-assign the field in the Inspector to fix it.
UnityEngine.Debug:ExtractStackTraceNoAlloc (byte*,int,string)
UnityEngine.StackTraceUtility:ExtractStackTrace ()
UnityEngine.ResourcesAPIInternal:Load (string,System.Type)
UnityEngine.ResourcesAPI:Load (string,System.Type)
UnityEngine.Resources:Load (string,System.Type)
UnityEngine.Resources:Load<Eldoria.Presentation.ValoriaExternalAssetLibrary> (string)
Eldoria.Presentation.ValoriaExternalAssetLibrary:Load () (at Assets/Eldoria/Scripts/Presentation/ValoriaExternalAssetLibrary.cs:45)
Eldoria.Presentation.VisualWorld:Frontier (Eldoria.Domain.PlayerState) (at Assets/Eldoria/Scripts/Presentation/VisualWorld.cs:745)
Eldoria.Presentation.VisualWorld:Create (bool,Eldoria.Domain.PlayerState) (at Assets/Eldoria/Scripts/Presentation/VisualWorld.cs:81)
Eldoria.Presentation.SlicePresenter:OnSceneLoaded (UnityEngine.SceneManagement.Scene,UnityEngine.SceneManagement.LoadSceneMode) (at Assets/Eldoria/Scripts/Presentation/SlicePresenter.cs:48)
UnityEngine.SceneManagement.SceneManager:Internal_SceneLoaded (UnityEngine.SceneManagement.Scene,UnityEngine.SceneManagement.LoadSceneMode)

[Assets/Eldoria/Scripts/Presentation/ValoriaExternalAssetLibrary.cs line 45]

Serialized reference type mismatch: field 'LumberMill' expects 'GameObject' but the stored reference is a 'Prefab'. The reference is treated as null (and serialized as null in player builds). Re-assign the field in the Inspector to fix it.
UnityEngine.Debug:ExtractStackTraceNoAlloc (byte*,int,string)
UnityEngine.StackTraceUtility:ExtractStackTrace ()
UnityEngine.ResourcesAPIInternal:Load (string,System.Type)
UnityEngine.ResourcesAPI:Load (string,System.Type)
UnityEngine.Resources:Load (string,System.Type)
UnityEngine.Resources:Load<Eldoria.Presentation.ValoriaExternalAssetLibrary> (string)
Eldoria.Presentation.ValoriaExternalAssetLibrary:Load () (at Assets/Eldoria/Scripts/Presentation/ValoriaExternalAssetLibrary.cs:45)
Eldoria.Presentation.VisualWorld:Frontier (Eldoria.Domain.PlayerState) (at Assets/Eldoria/Scripts/Presentation/VisualWorld.cs:745)
Eldoria.Presentation.VisualWorld:Create (bool,Eldoria.Domain.PlayerState) (at Assets/Eldoria/Scripts/Presentation/VisualWorld.cs:81)
Eldoria.Presentation.SlicePresenter:OnSceneLoaded (UnityEngine.SceneManagement.Scene,UnityEngine.SceneManagement.LoadSceneMode) (at Assets/Eldoria/Scripts/Presentation/SlicePresenter.cs:48)
UnityEngine.SceneManagement.SceneManager:Internal_SceneLoaded (UnityEngine.SceneManagement.Scene,UnityEngine.SceneManagement.LoadSceneMode)

[Assets/Eldoria/Scripts/Presentation/ValoriaExternalAssetLibrary.cs line 45]

Loaded scene 'Assets/Eldoria/Scenes/Frontier.unity'
	Deserialize:            0.337 ms
	Integration:            186.602 ms
	Integration of assets:  0.001 ms
	Thread Wait Time:       3.337 ms
	Total Operation Time:   190.277 ms
Unloading 885 unused Assets / (1.2 MB). Loaded Objects now: 8777.
Memory consumption went from 369.1 MB to 367.9 MB.
Total: 9.225100 ms (FindLiveObjects: 0.579900 ms CreateObjectMapping: 0.298400 ms MarkObjects: 6.838400 ms  DeleteObjects: 1.507800 ms)

Unloading 68 Unused Serialized files (Serialized files now loaded: 0)
UnloadTime: 2.889300 ms
Serialized reference type mismatch: field 'StoneTower' expects 'GameObject' but the stored reference is a 'Prefab'. The reference is treated as null (and serialized as null in player builds). Re-assign the field in the Inspector to fix it.
UnityEngine.Debug:ExtractStackTraceNoAlloc (byte*,int,string)
UnityEngine.StackTraceUtility:ExtractStackTrace ()
UnityEngine.ResourcesAPIInternal:Load (string,System.Type)
UnityEngine.ResourcesAPI:Load (string,System.Type)
UnityEngine.Resources:Load (string,System.Type)
UnityEngine.Resources:Load<Eldoria.Presentation.ValoriaExternalAssetLibrary> (string)
Eldoria.Presentation.ValoriaExternalAssetLibrary:Load () (at Assets/Eldoria/Scripts/Presentation/ValoriaExternalAssetLibrary.cs:45)
Eldoria.Presentation.VisualWorld:Frontier (Eldoria.Domain.PlayerState) (at Assets/Eldoria/Scripts/Presentation/VisualWorld.cs:745)
Eldoria.Presentation.VisualWorld:Create (bool,Eldoria.Domain.PlayerState) (at Assets/Eldoria/Scripts/Presentation/VisualWorld.cs:81)
Eldoria.Presentation.SlicePresenter:OnSceneLoaded (UnityEngine.SceneManagement.Scene,UnityEngine.SceneManagement.LoadSceneMode) (at Assets/Eldoria/Scripts/Presentation/SlicePresenter.cs:48)
UnityEngine.SceneManagement.SceneManager:Internal_SceneLoaded (UnityEngine.SceneManagement.Scene,UnityEngine.SceneManagement.LoadSceneMode)

[Assets/Eldoria/Scripts/Presentation/ValoriaExternalAssetLibrary.cs line 45]

Serialized reference type mismatch: field 'StoneWall' expects 'GameObject' but the stored reference is a 'Prefab'. The reference is treated as null (and serialized as null in player builds). Re-assign the field in the Inspector to fix it.
UnityEngine.Debug:ExtractStackTraceNoAlloc (byte*,int,string)
UnityEngine.StackTraceUtility:ExtractStackTrace ()
UnityEngine.ResourcesAPIInternal:Load (string,System.Type)
UnityEngine.ResourcesAPI:Load (string,System.Type)
UnityEngine.Resources:Load (string,System.Type)
UnityEngine.Resources:Load<Eldoria.Presentation.ValoriaExternalAssetLibrary> (string)
Eldoria.Presentation.ValoriaExternalAssetLibrary:Load () (at Assets/Eldoria/Scripts/Presentation/ValoriaExternalAssetLibrary.cs:45)
Eldoria.Presentation.VisualWorld:Frontier (Eldoria.Domain.PlayerState) (at Assets/Eldoria/Scripts/Presentation/VisualWorld.cs:745)
Eldoria.Presentation.VisualWorld:Create (bool,Eldoria.Domain.PlayerState) (at Assets/Eldoria/Scripts/Presentation/VisualWorld.cs:81)
Eldoria.Presentation.SlicePresenter:OnSceneLoaded (UnityEngine.SceneManagement.Scene,UnityEngine.SceneManagement.LoadSceneMode) (at Assets/Eldoria/Scripts/Presentation/SlicePresenter.cs:48)
UnityEngine.SceneManagement.SceneManager:Internal_SceneLoaded (UnityEngine.SceneManagement.Scene,UnityEngine.SceneManagement.LoadSceneMode)

[Assets/Eldoria/Scripts/Presentation/ValoriaExternalAssetLibrary.cs line 45]

Serialized reference type mismatch: field 'StoneGate' expects 'GameObject' but the stored reference is a 'Prefab'. The reference is treated as null (and serialized as null in player builds). Re-assign the field in the Inspector to fix it.
UnityEngine.Debug:ExtractStackTraceNoAlloc (byte*,int,string)
UnityEngine.StackTraceUtility:ExtractStackTrace ()
UnityEngine.ResourcesAPIInternal:Load (string,System.Type)
UnityEngine.ResourcesAPI:Load (string,System.Type)
UnityEngine.Resources:Load (string,System.Type)
UnityEngine.Resources:Load<Eldoria.Presentation.ValoriaExternalAssetLibrary> (string)
Eldoria.Presentation.ValoriaExternalAssetLibrary:Load () (at Assets/Eldoria/Scripts/Presentation/ValoriaExternalAssetLibrary.cs:45)
Eldoria.Presentation.VisualWorld:Frontier (Eldoria.Domain.PlayerState) (at Assets/Eldoria/Scripts/Presentation/VisualWorld.cs:745)
Eldoria.Presentation.VisualWorld:Create (bool,Eldoria.Domain.PlayerState) (at Assets/Eldoria/Scripts/Presentation/VisualWorld.cs:81)
Eldoria.Presentation.SlicePresenter:OnSceneLoaded (UnityEngine.SceneManagement.Scene,UnityEngine.SceneManagement.LoadSceneMode) (at Assets/Eldoria/Scripts/Presentation/SlicePresenter.cs:48)
UnityEngine.SceneManagement.SceneManager:Internal_SceneLoaded (UnityEngine.SceneManagement.Scene,UnityEngine.SceneManagement.LoadSceneMode)

[Assets/Eldoria/Scripts/Presentation/ValoriaExternalAssetLibrary.cs line 45]

Serialized reference type mismatch: field 'LumberMill' expects 'GameObject' but the stored reference is a 'Prefab'. The reference is treated as null (and serialized as null in player builds). Re-assign the field in the Inspector to fix it.
UnityEngine.Debug:ExtractStackTraceNoAlloc (byte*,int,string)
UnityEngine.StackTraceUtility:ExtractStackTrace ()
UnityEngine.ResourcesAPIInternal:Load (string,System.Type)
UnityEngine.ResourcesAPI:Load (string,System.Type)
UnityEngine.Resources:Load (string,System.Type)
UnityEngine.Resources:Load<Eldoria.Presentation.ValoriaExternalAssetLibrary> (string)
Eldoria.Presentation.ValoriaExternalAssetLibrary:Load () (at Assets/Eldoria/Scripts/Presentation/ValoriaExternalAssetLibrary.cs:45)
Eldoria.Presentation.VisualWorld:Frontier (Eldoria.Domain.PlayerState) (at Assets/Eldoria/Scripts/Presentation/VisualWorld.cs:745)
Eldoria.Presentation.VisualWorld:Create (bool,Eldoria.Domain.PlayerState) (at Assets/Eldoria/Scripts/Presentation/VisualWorld.cs:81)
Eldoria.Presentation.SlicePresenter:OnSceneLoaded (UnityEngine.SceneManagement.Scene,UnityEngine.SceneManagement.LoadSceneMode) (at Assets/Eldoria/Scripts/Presentation/SlicePresenter.cs:48)
UnityEngine.SceneManagement.SceneManager:Internal_SceneLoaded (UnityEngine.SceneManagement.Scene,UnityEngine.SceneManagement.LoadSceneMode)

[Assets/Eldoria/Scripts/Presentation/ValoriaExternalAssetLibrary.cs line 45]

Loaded scene 'Assets/Eldoria/Scenes/Frontier.unity'
	Deserialize:            0.347 ms
	Integration:            187.670 ms
	Integration of assets:  0.001 ms
	Thread Wait Time:       16.462 ms
	Total Operation Time:   204.479 ms
Unloading 885 unused Assets / (1.2 MB). Loaded Objects now: 8849.
Memory consumption went from 368.9 MB to 367.7 MB.
Total: 8.861600 ms (FindLiveObjects: 0.587200 ms CreateObjectMapping: 0.303100 ms MarkObjects: 6.460200 ms  DeleteObjects: 1.510700 ms)

Unloading 68 Unused Serialized files (Serialized files now loaded: 0)
UnloadTime: 2.025800 ms
Serialized reference type mismatch: field 'StoneTower' expects 'GameObject' but the stored reference is a 'Prefab'. The reference is treated as null (and serialized as null in player builds). Re-assign the field in the Inspector to fix it.
UnityEngine.Debug:ExtractStackTraceNoAlloc (byte*,int,string)
UnityEngine.StackTraceUtility:ExtractStackTrace ()
UnityEngine.ResourcesAPIInternal:Load (string,System.Type)
UnityEngine.ResourcesAPI:Load (string,System.Type)
UnityEngine.Resources:Load (string,System.Type)
UnityEngine.Resources:Load<Eldoria.Presentation.ValoriaExternalAssetLibrary> (string)
Eldoria.Presentation.ValoriaExternalAssetLibrary:Load () (at Assets/Eldoria/Scripts/Presentation/ValoriaExternalAssetLibrary.cs:45)
Eldoria.Presentation.VisualWorld:Frontier (Eldoria.Domain.PlayerState) (at Assets/Eldoria/Scripts/Presentation/VisualWorld.cs:745)
Eldoria.Presentation.VisualWorld:Create (bool,Eldoria.Domain.PlayerState) (at Assets/Eldoria/Scripts/Presentation/VisualWorld.cs:81)
Eldoria.Presentation.SlicePresenter:OnSceneLoaded (UnityEngine.SceneManagement.Scene,UnityEngine.SceneManagement.LoadSceneMode) (at Assets/Eldoria/Scripts/Presentation/SlicePresenter.cs:48)
UnityEngine.SceneManagement.SceneManager:Internal_SceneLoaded (UnityEngine.SceneManagement.Scene,UnityEngine.SceneManagement.LoadSceneMode)

[Assets/Eldoria/Scripts/Presentation/ValoriaExternalAssetLibrary.cs line 45]

Serialized reference type mismatch: field 'StoneWall' expects 'GameObject' but the stored reference is a 'Prefab'. The reference is treated as null (and serialized as null in player builds). Re-assign the field in the Inspector to fix it.
UnityEngine.Debug:ExtractStackTraceNoAlloc (byte*,int,string)
UnityEngine.StackTraceUtility:ExtractStackTrace ()
UnityEngine.ResourcesAPIInternal:Load (string,System.Type)
UnityEngine.ResourcesAPI:Load (string,System.Type)
UnityEngine.Resources:Load (string,System.Type)
UnityEngine.Resources:Load<Eldoria.Presentation.ValoriaExternalAssetLibrary> (string)
Eldoria.Presentation.ValoriaExternalAssetLibrary:Load () (at Assets/Eldoria/Scripts/Presentation/ValoriaExternalAssetLibrary.cs:45)
Eldoria.Presentation.VisualWorld:Frontier (Eldoria.Domain.PlayerState) (at Assets/Eldoria/Scripts/Presentation/VisualWorld.cs:745)
Eldoria.Presentation.VisualWorld:Create (bool,Eldoria.Domain.PlayerState) (at Assets/Eldoria/Scripts/Presentation/VisualWorld.cs:81)
Eldoria.Presentation.SlicePresenter:OnSceneLoaded (UnityEngine.SceneManagement.Scene,UnityEngine.SceneManagement.LoadSceneMode) (at Assets/Eldoria/Scripts/Presentation/SlicePresenter.cs:48)
UnityEngine.SceneManagement.SceneManager:Internal_SceneLoaded (UnityEngine.SceneManagement.Scene,UnityEngine.SceneManagement.LoadSceneMode)

[Assets/Eldoria/Scripts/Presentation/ValoriaExternalAssetLibrary.cs line 45]

Serialized reference type mismatch: field 'StoneGate' expects 'GameObject' but the stored reference is a 'Prefab'. The reference is treated as null (and serialized as null in player builds). Re-assign the field in the Inspector to fix it.
UnityEngine.Debug:ExtractStackTraceNoAlloc (byte*,int,string)
UnityEngine.StackTraceUtility:ExtractStackTrace ()
UnityEngine.ResourcesAPIInternal:Load (string,System.Type)
UnityEngine.ResourcesAPI:Load (string,System.Type)
UnityEngine.Resources:Load (string,System.Type)
UnityEngine.Resources:Load<Eldoria.Presentation.ValoriaExternalAssetLibrary> (string)
Eldoria.Presentation.ValoriaExternalAssetLibrary:Load () (at Assets/Eldoria/Scripts/Presentation/ValoriaExternalAssetLibrary.cs:45)
Eldoria.Presentation.VisualWorld:Frontier (Eldoria.Domain.PlayerState) (at Assets/Eldoria/Scripts/Presentation/VisualWorld.cs:745)
Eldoria.Presentation.VisualWorld:Create (bool,Eldoria.Domain.PlayerState) (at Assets/Eldoria/Scripts/Presentation/VisualWorld.cs:81)
Eldoria.Presentation.SlicePresenter:OnSceneLoaded (UnityEngine.SceneManagement.Scene,UnityEngine.SceneManagement.LoadSceneMode) (at Assets/Eldoria/Scripts/Presentation/SlicePresenter.cs:48)
UnityEngine.SceneManagement.SceneManager:Internal_SceneLoaded (UnityEngine.SceneManagement.Scene,UnityEngine.SceneManagement.LoadSceneMode)

[Assets/Eldoria/Scripts/Presentation/ValoriaExternalAssetLibrary.cs line 45]

Serialized reference type mismatch: field 'LumberMill' expects 'GameObject' but the stored reference is a 'Prefab'. The reference is treated as null (and serialized as null in player builds). Re-assign the field in the Inspector to fix it.
UnityEngine.Debug:ExtractStackTraceNoAlloc (byte*,int,string)
UnityEngine.StackTraceUtility:ExtractStackTrace ()
UnityEngine.ResourcesAPIInternal:Load (string,System.Type)
UnityEngine.ResourcesAPI:Load (string,System.Type)
UnityEngine.Resources:Load (string,System.Type)
UnityEngine.Resources:Load<Eldoria.Presentation.ValoriaExternalAssetLibrary> (string)
Eldoria.Presentation.ValoriaExternalAssetLibrary:Load () (at Assets/Eldoria/Scripts/Presentation/ValoriaExternalAssetLibrary.cs:45)
Eldoria.Presentation.VisualWorld:Frontier (Eldoria.Domain.PlayerState) (at Assets/Eldoria/Scripts/Presentation/VisualWorld.cs:745)
Eldoria.Presentation.VisualWorld:Create (bool,Eldoria.Domain.PlayerState) (at Assets/Eldoria/Scripts/Presentation/VisualWorld.cs:81)
Eldoria.Presentation.SlicePresenter:OnSceneLoaded (UnityEngine.SceneManagement.Scene,UnityEngine.SceneManagement.LoadSceneMode) (at Assets/Eldoria/Scripts/Presentation/SlicePresenter.cs:48)
UnityEngine.SceneManagement.SceneManager:Internal_SceneLoaded (UnityEngine.SceneManagement.Scene,UnityEngine.SceneManagement.LoadSceneMode)

[Assets/Eldoria/Scripts/Presentation/ValoriaExternalAssetLibrary.cs line 45]

Loaded scene 'Assets/Eldoria/Scenes/Frontier.unity'
	Deserialize:            0.340 ms
	Integration:            186.163 ms
	Integration of assets:  0.001 ms
	Thread Wait Time:       3.262 ms
	Total Operation Time:   189.765 ms
Unloading 885 unused Assets / (1.3 MB). Loaded Objects now: 8777.
Memory consumption went from 369.1 MB to 367.8 MB.
Total: 9.223000 ms (FindLiveObjects: 0.588600 ms CreateObjectMapping: 0.297700 ms MarkObjects: 6.776400 ms  DeleteObjects: 1.559900 ms)

Unloading 68 Unused Serialized files (Serialized files now loaded: 0)
UnloadTime: 2.930000 ms
Serialized reference type mismatch: field 'StoneTower' expects 'GameObject' but the stored reference is a 'Prefab'. The reference is treated as null (and serialized as null in player builds). Re-assign the field in the Inspector to fix it.
UnityEngine.Debug:ExtractStackTraceNoAlloc (byte*,int,string)
UnityEngine.StackTraceUtility:ExtractStackTrace ()
UnityEngine.ResourcesAPIInternal:Load (string,System.Type)
UnityEngine.ResourcesAPI:Load (string,System.Type)
UnityEngine.Resources:Load (string,System.Type)
UnityEngine.Resources:Load<Eldoria.Presentation.ValoriaExternalAssetLibrary> (string)
Eldoria.Presentation.ValoriaExternalAssetLibrary:Load () (at Assets/Eldoria/Scripts/Presentation/ValoriaExternalAssetLibrary.cs:45)
Eldoria.Presentation.VisualWorld:Frontier (Eldoria.Domain.PlayerState) (at Assets/Eldoria/Scripts/Presentation/VisualWorld.cs:745)
Eldoria.Presentation.VisualWorld:Create (bool,Eldoria.Domain.PlayerState) (at Assets/Eldoria/Scripts/Presentation/VisualWorld.cs:81)
Eldoria.Presentation.SlicePresenter:OnSceneLoaded (UnityEngine.SceneManagement.Scene,UnityEngine.SceneManagement.LoadSceneMode) (at Assets/Eldoria/Scripts/Presentation/SlicePresenter.cs:48)
UnityEngine.SceneManagement.SceneManager:Internal_SceneLoaded (UnityEngine.SceneManagement.Scene,UnityEngine.SceneManagement.LoadSceneMode)

[Assets/Eldoria/Scripts/Presentation/ValoriaExternalAssetLibrary.cs line 45]

Serialized reference type mismatch: field 'StoneWall' expects 'GameObject' but the stored reference is a 'Prefab'. The reference is treated as null (and serialized as null in player builds). Re-assign the field in the Inspector to fix it.
UnityEngine.Debug:ExtractStackTraceNoAlloc (byte*,int,string)
UnityEngine.StackTraceUtility:ExtractStackTrace ()
UnityEngine.ResourcesAPIInternal:Load (string,System.Type)
UnityEngine.ResourcesAPI:Load (string,System.Type)
UnityEngine.Resources:Load (string,System.Type)
UnityEngine.Resources:Load<Eldoria.Presentation.ValoriaExternalAssetLibrary> (string)
Eldoria.Presentation.ValoriaExternalAssetLibrary:Load () (at Assets/Eldoria/Scripts/Presentation/ValoriaExternalAssetLibrary.cs:45)
Eldoria.Presentation.VisualWorld:Frontier (Eldoria.Domain.PlayerState) (at Assets/Eldoria/Scripts/Presentation/VisualWorld.cs:745)
Eldoria.Presentation.VisualWorld:Create (bool,Eldoria.Domain.PlayerState) (at Assets/Eldoria/Scripts/Presentation/VisualWorld.cs:81)
Eldoria.Presentation.SlicePresenter:OnSceneLoaded (UnityEngine.SceneManagement.Scene,UnityEngine.SceneManagement.LoadSceneMode) (at Assets/Eldoria/Scripts/Presentation/SlicePresenter.cs:48)
UnityEngine.SceneManagement.SceneManager:Internal_SceneLoaded (UnityEngine.SceneManagement.Scene,UnityEngine.SceneManagement.LoadSceneMode)

[Assets/Eldoria/Scripts/Presentation/ValoriaExternalAssetLibrary.cs line 45]

Serialized reference type mismatch: field 'StoneGate' expects 'GameObject' but the stored reference is a 'Prefab'. The reference is treated as null (and serialized as null in player builds). Re-assign the field in the Inspector to fix it.
UnityEngine.Debug:ExtractStackTraceNoAlloc (byte*,int,string)
UnityEngine.StackTraceUtility:ExtractStackTrace ()
UnityEngine.ResourcesAPIInternal:Load (string,System.Type)
UnityEngine.ResourcesAPI:Load (string,System.Type)
UnityEngine.Resources:Load (string,System.Type)
UnityEngine.Resources:Load<Eldoria.Presentation.ValoriaExternalAssetLibrary> (string)
Eldoria.Presentation.ValoriaExternalAssetLibrary:Load () (at Assets/Eldoria/Scripts/Presentation/ValoriaExternalAssetLibrary.cs:45)
Eldoria.Presentation.VisualWorld:Frontier (Eldoria.Domain.PlayerState) (at Assets/Eldoria/Scripts/Presentation/VisualWorld.cs:745)
Eldoria.Presentation.VisualWorld:Create (bool,Eldoria.Domain.PlayerState) (at Assets/Eldoria/Scripts/Presentation/VisualWorld.cs:81)
Eldoria.Presentation.SlicePresenter:OnSceneLoaded (UnityEngine.SceneManagement.Scene,UnityEngine.SceneManagement.LoadSceneMode) (at Assets/Eldoria/Scripts/Presentation/SlicePresenter.cs:48)
UnityEngine.SceneManagement.SceneManager:Internal_SceneLoaded (UnityEngine.SceneManagement.Scene,UnityEngine.SceneManagement.LoadSceneMode)

[Assets/Eldoria/Scripts/Presentation/ValoriaExternalAssetLibrary.cs line 45]

Serialized reference type mismatch: field 'LumberMill' expects 'GameObject' but the stored reference is a 'Prefab'. The reference is treated as null (and serialized as null in player builds). Re-assign the field in the Inspector to fix it.
UnityEngine.Debug:ExtractStackTraceNoAlloc (byte*,int,string)
UnityEngine.StackTraceUtility:ExtractStackTrace ()
UnityEngine.ResourcesAPIInternal:Load (string,System.Type)
UnityEngine.ResourcesAPI:Load (string,System.Type)
UnityEngine.Resources:Load (string,System.Type)
UnityEngine.Resources:Load<Eldoria.Presentation.ValoriaExternalAssetLibrary> (string)
Eldoria.Presentation.ValoriaExternalAssetLibrary:Load () (at Assets/Eldoria/Scripts/Presentation/ValoriaExternalAssetLibrary.cs:45)
Eldoria.Presentation.VisualWorld:Frontier (Eldoria.Domain.PlayerState) (at Assets/Eldoria/Scripts/Presentation/VisualWorld.cs:745)
Eldoria.Presentation.VisualWorld:Create (bool,Eldoria.Domain.PlayerState) (at Assets/Eldoria/Scripts/Presentation/VisualWorld.cs:81)
Eldoria.Presentation.SlicePresenter:OnSceneLoaded (UnityEngine.SceneManagement.Scene,UnityEngine.SceneManagement.LoadSceneMode) (at Assets/Eldoria/Scripts/Presentation/SlicePresenter.cs:48)
UnityEngine.SceneManagement.SceneManager:Internal_SceneLoaded (UnityEngine.SceneManagement.Scene,UnityEngine.SceneManagement.LoadSceneMode)

[Assets/Eldoria/Scripts/Presentation/ValoriaExternalAssetLibrary.cs line 45]

Loaded scene 'Assets/Eldoria/Scenes/Frontier.unity'
	Deserialize:            0.347 ms
	Integration:            187.792 ms
	Integration of assets:  0.001 ms
	Thread Wait Time:       16.427 ms
	Total Operation Time:   204.567 ms
Unloading 885 unused Assets / (1.2 MB). Loaded Objects now: 8849.
Memory consumption went from 369.0 MB to 367.9 MB.
Total: 9.746600 ms (FindLiveObjects: 0.580800 ms CreateObjectMapping: 0.297400 ms MarkObjects: 7.271400 ms  DeleteObjects: 1.596400 ms)

Unloading 68 Unused Serialized files (Serialized files now loaded: 0)
UnloadTime: 1.996800 ms
Serialized reference type mismatch: field 'StoneTower' expects 'GameObject' but the stored reference is a 'Prefab'. The reference is treated as null (and serialized as null in player builds). Re-assign the field in the Inspector to fix it.
UnityEngine.Debug:ExtractStackTraceNoAlloc (byte*,int,string)
UnityEngine.StackTraceUtility:ExtractStackTrace ()
UnityEngine.ResourcesAPIInternal:Load (string,System.Type)
UnityEngine.ResourcesAPI:Load (string,System.Type)
UnityEngine.Resources:Load (string,System.Type)
UnityEngine.Resources:Load<Eldoria.Presentation.ValoriaExternalAssetLibrary> (string)
Eldoria.Presentation.ValoriaExternalAssetLibrary:Load () (at Assets/Eldoria/Scripts/Presentation/ValoriaExternalAssetLibrary.cs:45)
Eldoria.Presentation.VisualWorld:Frontier (Eldoria.Domain.PlayerState) (at Assets/Eldoria/Scripts/Presentation/VisualWorld.cs:745)
Eldoria.Presentation.VisualWorld:Create (bool,Eldoria.Domain.PlayerState) (at Assets/Eldoria/Scripts/Presentation/VisualWorld.cs:81)
Eldoria.Presentation.SlicePresenter:OnSceneLoaded (UnityEngine.SceneManagement.Scene,UnityEngine.SceneManagement.LoadSceneMode) (at Assets/Eldoria/Scripts/Presentation/SlicePresenter.cs:48)
UnityEngine.SceneManagement.SceneManager:Internal_SceneLoaded (UnityEngine.SceneManagement.Scene,UnityEngine.SceneManagement.LoadSceneMode)

[Assets/Eldoria/Scripts/Presentation/ValoriaExternalAssetLibrary.cs line 45]

Serialized reference type mismatch: field 'StoneWall' expects 'GameObject' but the stored reference is a 'Prefab'. The reference is treated as null (and serialized as null in player builds). Re-assign the field in the Inspector to fix it.
UnityEngine.Debug:ExtractStackTraceNoAlloc (byte*,int,string)
UnityEngine.StackTraceUtility:ExtractStackTrace ()
UnityEngine.ResourcesAPIInternal:Load (string,System.Type)
UnityEngine.ResourcesAPI:Load (string,System.Type)
UnityEngine.Resources:Load (string,System.Type)
UnityEngine.Resources:Load<Eldoria.Presentation.ValoriaExternalAssetLibrary> (string)
Eldoria.Presentation.ValoriaExternalAssetLibrary:Load () (at Assets/Eldoria/Scripts/Presentation/ValoriaExternalAssetLibrary.cs:45)
Eldoria.Presentation.VisualWorld:Frontier (Eldoria.Domain.PlayerState) (at Assets/Eldoria/Scripts/Presentation/VisualWorld.cs:745)
Eldoria.Presentation.VisualWorld:Create (bool,Eldoria.Domain.PlayerState) (at Assets/Eldoria/Scripts/Presentation/VisualWorld.cs:81)
Eldoria.Presentation.SlicePresenter:OnSceneLoaded (UnityEngine.SceneManagement.Scene,UnityEngine.SceneManagement.LoadSceneMode) (at Assets/Eldoria/Scripts/Presentation/SlicePresenter.cs:48)
UnityEngine.SceneManagement.SceneManager:Internal_SceneLoaded (UnityEngine.SceneManagement.Scene,UnityEngine.SceneManagement.LoadSceneMode)

[Assets/Eldoria/Scripts/Presentation/ValoriaExternalAssetLibrary.cs line 45]

Serialized reference type mismatch: field 'StoneGate' expects 'GameObject' but the stored reference is a 'Prefab'. The reference is treated as null (and serialized as null in player builds). Re-assign the field in the Inspector to fix it.
UnityEngine.Debug:ExtractStackTraceNoAlloc (byte*,int,string)
UnityEngine.StackTraceUtility:ExtractStackTrace ()
UnityEngine.ResourcesAPIInternal:Load (string,System.Type)
UnityEngine.ResourcesAPI:Load (string,System.Type)
UnityEngine.Resources:Load (string,System.Type)
UnityEngine.Resources:Load<Eldoria.Presentation.ValoriaExternalAssetLibrary> (string)
Eldoria.Presentation.ValoriaExternalAssetLibrary:Load () (at Assets/Eldoria/Scripts/Presentation/ValoriaExternalAssetLibrary.cs:45)
Eldoria.Presentation.VisualWorld:Frontier (Eldoria.Domain.PlayerState) (at Assets/Eldoria/Scripts/Presentation/VisualWorld.cs:745)
Eldoria.Presentation.VisualWorld:Create (bool,Eldoria.Domain.PlayerState) (at Assets/Eldoria/Scripts/Presentation/VisualWorld.cs:81)
Eldoria.Presentation.SlicePresenter:OnSceneLoaded (UnityEngine.SceneManagement.Scene,UnityEngine.SceneManagement.LoadSceneMode) (at Assets/Eldoria/Scripts/Presentation/SlicePresenter.cs:48)
UnityEngine.SceneManagement.SceneManager:Internal_SceneLoaded (UnityEngine.SceneManagement.Scene,UnityEngine.SceneManagement.LoadSceneMode)

[Assets/Eldoria/Scripts/Presentation/ValoriaExternalAssetLibrary.cs line 45]

Serialized reference type mismatch: field 'LumberMill' expects 'GameObject' but the stored reference is a 'Prefab'. The reference is treated as null (and serialized as null in player builds). Re-assign the field in the Inspector to fix it.
UnityEngine.Debug:ExtractStackTraceNoAlloc (byte*,int,string)
UnityEngine.StackTraceUtility:ExtractStackTrace ()
UnityEngine.ResourcesAPIInternal:Load (string,System.Type)
UnityEngine.ResourcesAPI:Load (string,System.Type)
UnityEngine.Resources:Load (string,System.Type)
UnityEngine.Resources:Load<Eldoria.Presentation.ValoriaExternalAssetLibrary> (string)
Eldoria.Presentation.ValoriaExternalAssetLibrary:Load () (at Assets/Eldoria/Scripts/Presentation/ValoriaExternalAssetLibrary.cs:45)
Eldoria.Presentation.VisualWorld:Frontier (Eldoria.Domain.PlayerState) (at Assets/Eldoria/Scripts/Presentation/VisualWorld.cs:745)
Eldoria.Presentation.VisualWorld:Create (bool,Eldoria.Domain.PlayerState) (at Assets/Eldoria/Scripts/Presentation/VisualWorld.cs:81)
Eldoria.Presentation.SlicePresenter:OnSceneLoaded (UnityEngine.SceneManagement.Scene,UnityEngine.SceneManagement.LoadSceneMode) (at Assets/Eldoria/Scripts/Presentation/SlicePresenter.cs:48)
UnityEngine.SceneManagement.SceneManager:Internal_SceneLoaded (UnityEngine.SceneManagement.Scene,UnityEngine.SceneManagement.LoadSceneMode)

[Assets/Eldoria/Scripts/Presentation/ValoriaExternalAssetLibrary.cs line 45]

Loaded scene 'Assets/Eldoria/Scenes/Frontier.unity'
	Deserialize:            0.369 ms
	Integration:            188.303 ms
	Integration of assets:  0.001 ms
	Thread Wait Time:       3.332 ms
	Total Operation Time:   192.005 ms
Unloading 885 unused Assets / (1.2 MB). Loaded Objects now: 8777.
Memory consumption went from 369.3 MB to 368.1 MB.
Total: 9.540000 ms (FindLiveObjects: 0.580700 ms CreateObjectMapping: 0.298100 ms MarkObjects: 7.130400 ms  DeleteObjects: 1.530400 ms)

Unloading 68 Unused Serialized files (Serialized files now loaded: 0)
UnloadTime: 2.886100 ms
Serialized reference type mismatch: field 'StoneTower' expects 'GameObject' but the stored reference is a 'Prefab'. The reference is treated as null (and serialized as null in player builds). Re-assign the field in the Inspector to fix it.
UnityEngine.Debug:ExtractStackTraceNoAlloc (byte*,int,string)
UnityEngine.StackTraceUtility:ExtractStackTrace ()
UnityEngine.ResourcesAPIInternal:Load (string,System.Type)
UnityEngine.ResourcesAPI:Load (string,System.Type)
UnityEngine.Resources:Load (string,System.Type)
UnityEngine.Resources:Load<Eldoria.Presentation.ValoriaExternalAssetLibrary> (string)
Eldoria.Presentation.ValoriaExternalAssetLibrary:Load () (at Assets/Eldoria/Scripts/Presentation/ValoriaExternalAssetLibrary.cs:45)
Eldoria.Presentation.VisualWorld:PlayableDistrictSkeleton (Eldoria.Domain.PlayerState) (at Assets/Eldoria/Scripts/Presentation/VisualWorld.cs:117)
Eldoria.Presentation.VisualWorld:Create (bool,Eldoria.Domain.PlayerState) (at Assets/Eldoria/Scripts/Presentation/VisualWorld.cs:79)
Eldoria.Presentation.SlicePresenter:OnSceneLoaded (UnityEngine.SceneManagement.Scene,UnityEngine.SceneManagement.LoadSceneMode) (at Assets/Eldoria/Scripts/Presentation/SlicePresenter.cs:48)
UnityEngine.SceneManagement.SceneManager:Internal_SceneLoaded (UnityEngine.SceneManagement.Scene,UnityEngine.SceneManagement.LoadSceneMode)

[Assets/Eldoria/Scripts/Presentation/ValoriaExternalAssetLibrary.cs line 45]

Serialized reference type mismatch: field 'StoneWall' expects 'GameObject' but the stored reference is a 'Prefab'. The reference is treated as null (and serialized as null in player builds). Re-assign the field in the Inspector to fix it.
UnityEngine.Debug:ExtractStackTraceNoAlloc (byte*,int,string)
UnityEngine.StackTraceUtility:ExtractStackTrace ()
UnityEngine.ResourcesAPIInternal:Load (string,System.Type)
UnityEngine.ResourcesAPI:Load (string,System.Type)
UnityEngine.Resources:Load (string,System.Type)
UnityEngine.Resources:Load<Eldoria.Presentation.ValoriaExternalAssetLibrary> (string)
Eldoria.Presentation.ValoriaExternalAssetLibrary:Load () (at Assets/Eldoria/Scripts/Presentation/ValoriaExternalAssetLibrary.cs:45)
Eldoria.Presentation.VisualWorld:PlayableDistrictSkeleton (Eldoria.Domain.PlayerState) (at Assets/Eldoria/Scripts/Presentation/VisualWorld.cs:117)
Eldoria.Presentation.VisualWorld:Create (bool,Eldoria.Domain.PlayerState) (at Assets/Eldoria/Scripts/Presentation/VisualWorld.cs:79)
Eldoria.Presentation.SlicePresenter:OnSceneLoaded (UnityEngine.SceneManagement.Scene,UnityEngine.SceneManagement.LoadSceneMode) (at Assets/Eldoria/Scripts/Presentation/SlicePresenter.cs:48)
UnityEngine.SceneManagement.SceneManager:Internal_SceneLoaded (UnityEngine.SceneManagement.Scene,UnityEngine.SceneManagement.LoadSceneMode)

[Assets/Eldoria/Scripts/Presentation/ValoriaExternalAssetLibrary.cs line 45]

Serialized reference type mismatch: field 'StoneGate' expects 'GameObject' but the stored reference is a 'Prefab'. The reference is treated as null (and serialized as null in player builds). Re-assign the field in the Inspector to fix it.
UnityEngine.Debug:ExtractStackTraceNoAlloc (byte*,int,string)
UnityEngine.StackTraceUtility:ExtractStackTrace ()
UnityEngine.ResourcesAPIInternal:Load (string,System.Type)
UnityEngine.ResourcesAPI:Load (string,System.Type)
UnityEngine.Resources:Load (string,System.Type)
UnityEngine.Resources:Load<Eldoria.Presentation.ValoriaExternalAssetLibrary> (string)
Eldoria.Presentation.ValoriaExternalAssetLibrary:Load () (at Assets/Eldoria/Scripts/Presentation/ValoriaExternalAssetLibrary.cs:45)
Eldoria.Presentation.VisualWorld:PlayableDistrictSkeleton (Eldoria.Domain.PlayerState) (at Assets/Eldoria/Scripts/Presentation/VisualWorld.cs:117)
Eldoria.Presentation.VisualWorld:Create (bool,Eldoria.Domain.PlayerState) (at Assets/Eldoria/Scripts/Presentation/VisualWorld.cs:79)
Eldoria.Presentation.SlicePresenter:OnSceneLoaded (UnityEngine.SceneManagement.Scene,UnityEngine.SceneManagement.LoadSceneMode) (at Assets/Eldoria/Scripts/Presentation/SlicePresenter.cs:48)
UnityEngine.SceneManagement.SceneManager:Internal_SceneLoaded (UnityEngine.SceneManagement.Scene,UnityEngine.SceneManagement.LoadSceneMode)

[Assets/Eldoria/Scripts/Presentation/ValoriaExternalAssetLibrary.cs line 45]

Serialized reference type mismatch: field 'LumberMill' expects 'GameObject' but the stored reference is a 'Prefab'. The reference is treated as null (and serialized as null in player builds). Re-assign the field in the Inspector to fix it.
UnityEngine.Debug:ExtractStackTraceNoAlloc (byte*,int,string)
UnityEngine.StackTraceUtility:ExtractStackTrace ()
UnityEngine.ResourcesAPIInternal:Load (string,System.Type)
UnityEngine.ResourcesAPI:Load (string,System.Type)
UnityEngine.Resources:Load (string,System.Type)
UnityEngine.Resources:Load<Eldoria.Presentation.ValoriaExternalAssetLibrary> (string)
Eldoria.Presentation.ValoriaExternalAssetLibrary:Load () (at Assets/Eldoria/Scripts/Presentation/ValoriaExternalAssetLibrary.cs:45)
Eldoria.Presentation.VisualWorld:PlayableDistrictSkeleton (Eldoria.Domain.PlayerState) (at Assets/Eldoria/Scripts/Presentation/VisualWorld.cs:117)
Eldoria.Presentation.VisualWorld:Create (bool,Eldoria.Domain.PlayerState) (at Assets/Eldoria/Scripts/Presentation/VisualWorld.cs:79)
Eldoria.Presentation.SlicePresenter:OnSceneLoaded (UnityEngine.SceneManagement.Scene,UnityEngine.SceneManagement.LoadSceneMode) (at Assets/Eldoria/Scripts/Presentation/SlicePresenter.cs:48)
UnityEngine.SceneManagement.SceneManager:Internal_SceneLoaded (UnityEngine.SceneManagement.Scene,UnityEngine.SceneManagement.LoadSceneMode)

[Assets/Eldoria/Scripts/Presentation/ValoriaExternalAssetLibrary.cs line 45]

Loaded scene 'Assets/Eldoria/Scenes/Valoria.unity'
	Deserialize:            0.346 ms
	Integration:            411.092 ms
	Integration of assets:  0.001 ms
	Thread Wait Time:       16.814 ms
	Total Operation Time:   428.252 ms
Unloading 1107 unused Assets / (35.2 MB). Loaded Objects now: 15191.
Memory consumption went from 0.67 GB to 0.64 GB.
Total: 11.582100 ms (FindLiveObjects: 0.992800 ms CreateObjectMapping: 0.441600 ms MarkObjects: 7.148100 ms  DeleteObjects: 2.999200 ms)

Unloading 97 Unused Serialized files (Serialized files now loaded: 0)
UnloadTime: 7.186100 ms
Serialized reference type mismatch: field 'StoneTower' expects 'GameObject' but the stored reference is a 'Prefab'. The reference is treated as null (and serialized as null in player builds). Re-assign the field in the Inspector to fix it.
UnityEngine.Debug:ExtractStackTraceNoAlloc (byte*,int,string)
UnityEngine.StackTraceUtility:ExtractStackTrace ()
UnityEngine.ResourcesAPIInternal:Load (string,System.Type)
UnityEngine.ResourcesAPI:Load (string,System.Type)
UnityEngine.Resources:Load (string,System.Type)
UnityEngine.Resources:Load<Eldoria.Presentation.ValoriaExternalAssetLibrary> (string)
Eldoria.Presentation.ValoriaExternalAssetLibrary:Load () (at Assets/Eldoria/Scripts/Presentation/ValoriaExternalAssetLibrary.cs:45)
Eldoria.Presentation.VisualWorld:PlayableDistrictSkeleton (Eldoria.Domain.PlayerState) (at Assets/Eldoria/Scripts/Presentation/VisualWorld.cs:117)
Eldoria.Presentation.VisualWorld:Create (bool,Eldoria.Domain.PlayerState) (at Assets/Eldoria/Scripts/Presentation/VisualWorld.cs:79)
Eldoria.Presentation.SlicePresenter:OnSceneLoaded (UnityEngine.SceneManagement.Scene,UnityEngine.SceneManagement.LoadSceneMode) (at Assets/Eldoria/Scripts/Presentation/SlicePresenter.cs:48)
UnityEngine.SceneManagement.SceneManager:Internal_SceneLoaded (UnityEngine.SceneManagement.Scene,UnityEngine.SceneManagement.LoadSceneMode)

[Assets/Eldoria/Scripts/Presentation/ValoriaExternalAssetLibrary.cs line 45]

Serialized reference type mismatch: field 'StoneWall' expects 'GameObject' but the stored reference is a 'Prefab'. The reference is treated as null (and serialized as null in player builds). Re-assign the field in the Inspector to fix it.
UnityEngine.Debug:ExtractStackTraceNoAlloc (byte*,int,string)
UnityEngine.StackTraceUtility:ExtractStackTrace ()
UnityEngine.ResourcesAPIInternal:Load (string,System.Type)
UnityEngine.ResourcesAPI:Load (string,System.Type)
UnityEngine.Resources:Load (string,System.Type)
UnityEngine.Resources:Load<Eldoria.Presentation.ValoriaExternalAssetLibrary> (string)
Eldoria.Presentation.ValoriaExternalAssetLibrary:Load () (at Assets/Eldoria/Scripts/Presentation/ValoriaExternalAssetLibrary.cs:45)
Eldoria.Presentation.VisualWorld:PlayableDistrictSkeleton (Eldoria.Domain.PlayerState) (at Assets/Eldoria/Scripts/Presentation/VisualWorld.cs:117)
Eldoria.Presentation.VisualWorld:Create (bool,Eldoria.Domain.PlayerState) (at Assets/Eldoria/Scripts/Presentation/VisualWorld.cs:79)
Eldoria.Presentation.SlicePresenter:OnSceneLoaded (UnityEngine.SceneManagement.Scene,UnityEngine.SceneManagement.LoadSceneMode) (at Assets/Eldoria/Scripts/Presentation/SlicePresenter.cs:48)
UnityEngine.SceneManagement.SceneManager:Internal_SceneLoaded (UnityEngine.SceneManagement.Scene,UnityEngine.SceneManagement.LoadSceneMode)

[Assets/Eldoria/Scripts/Presentation/ValoriaExternalAssetLibrary.cs line 45]

Serialized reference type mismatch: field 'StoneGate' expects 'GameObject' but the stored reference is a 'Prefab'. The reference is treated as null (and serialized as null in player builds). Re-assign the field in the Inspector to fix it.
UnityEngine.Debug:ExtractStackTraceNoAlloc (byte*,int,string)
UnityEngine.StackTraceUtility:ExtractStackTrace ()
UnityEngine.ResourcesAPIInternal:Load (string,System.Type)
UnityEngine.ResourcesAPI:Load (string,System.Type)
UnityEngine.Resources:Load (string,System.Type)
UnityEngine.Resources:Load<Eldoria.Presentation.ValoriaExternalAssetLibrary> (string)
Eldoria.Presentation.ValoriaExternalAssetLibrary:Load () (at Assets/Eldoria/Scripts/Presentation/ValoriaExternalAssetLibrary.cs:45)
Eldoria.Presentation.VisualWorld:PlayableDistrictSkeleton (Eldoria.Domain.PlayerState) (at Assets/Eldoria/Scripts/Presentation/VisualWorld.cs:117)
Eldoria.Presentation.VisualWorld:Create (bool,Eldoria.Domain.PlayerState) (at Assets/Eldoria/Scripts/Presentation/VisualWorld.cs:79)
Eldoria.Presentation.SlicePresenter:OnSceneLoaded (UnityEngine.SceneManagement.Scene,UnityEngine.SceneManagement.LoadSceneMode) (at Assets/Eldoria/Scripts/Presentation/SlicePresenter.cs:48)
UnityEngine.SceneManagement.SceneManager:Internal_SceneLoaded (UnityEngine.SceneManagement.Scene,UnityEngine.SceneManagement.LoadSceneMode)

[Assets/Eldoria/Scripts/Presentation/ValoriaExternalAssetLibrary.cs line 45]

Serialized reference type mismatch: field 'LumberMill' expects 'GameObject' but the stored reference is a 'Prefab'. The reference is treated as null (and serialized as null in player builds). Re-assign the field in the Inspector to fix it.
UnityEngine.Debug:ExtractStackTraceNoAlloc (byte*,int,string)
UnityEngine.StackTraceUtility:ExtractStackTrace ()
UnityEngine.ResourcesAPIInternal:Load (string,System.Type)
UnityEngine.ResourcesAPI:Load (string,System.Type)
UnityEngine.Resources:Load (string,System.Type)
UnityEngine.Resources:Load<Eldoria.Presentation.ValoriaExternalAssetLibrary> (string)
Eldoria.Presentation.ValoriaExternalAssetLibrary:Load () (at Assets/Eldoria/Scripts/Presentation/ValoriaExternalAssetLibrary.cs:45)
Eldoria.Presentation.VisualWorld:PlayableDistrictSkeleton (Eldoria.Domain.PlayerState) (at Assets/Eldoria/Scripts/Presentation/VisualWorld.cs:117)
Eldoria.Presentation.VisualWorld:Create (bool,Eldoria.Domain.PlayerState) (at Assets/Eldoria/Scripts/Presentation/VisualWorld.cs:79)
Eldoria.Presentation.SlicePresenter:OnSceneLoaded (UnityEngine.SceneManagement.Scene,UnityEngine.SceneManagement.LoadSceneMode) (at Assets/Eldoria/Scripts/Presentation/SlicePresenter.cs:48)
UnityEngine.SceneManagement.SceneManager:Internal_SceneLoaded (UnityEngine.SceneManagement.Scene,UnityEngine.SceneManagement.LoadSceneMode)

[Assets/Eldoria/Scripts/Presentation/ValoriaExternalAssetLibrary.cs line 45]

Loaded scene 'Assets/Eldoria/Scenes/Valoria.unity'
	Deserialize:            0.336 ms
	Integration:            309.337 ms
	Integration of assets:  0.001 ms
	Thread Wait Time:       0.481 ms
	Total Operation Time:   310.155 ms
Unloading 1598 unused Assets / (21.4 MB). Loaded Objects now: 15206.
Memory consumption went from 0.63 GB to 0.61 GB.
Total: 12.630600 ms (FindLiveObjects: 0.894900 ms CreateObjectMapping: 0.479200 ms MarkObjects: 6.881600 ms  DeleteObjects: 4.374300 ms)

Unloading 82 Unused Serialized files (Serialized files now loaded: 0)
UnloadTime: 6.002800 ms
Serialized reference type mismatch: field 'StoneTower' expects 'GameObject' but the stored reference is a 'Prefab'. The reference is treated as null (and serialized as null in player builds). Re-assign the field in the Inspector to fix it.
UnityEngine.Debug:ExtractStackTraceNoAlloc (byte*,int,string)
UnityEngine.StackTraceUtility:ExtractStackTrace ()
UnityEngine.ResourcesAPIInternal:Load (string,System.Type)
UnityEngine.ResourcesAPI:Load (string,System.Type)
UnityEngine.Resources:Load (string,System.Type)
UnityEngine.Resources:Load<Eldoria.Presentation.ValoriaExternalAssetLibrary> (string)
Eldoria.Presentation.ValoriaExternalAssetLibrary:Load () (at Assets/Eldoria/Scripts/Presentation/ValoriaExternalAssetLibrary.cs:45)
Eldoria.Presentation.VisualWorld:PlayableDistrictSkeleton (Eldoria.Domain.PlayerState) (at Assets/Eldoria/Scripts/Presentation/VisualWorld.cs:117)
Eldoria.Presentation.VisualWorld:Create (bool,Eldoria.Domain.PlayerState) (at Assets/Eldoria/Scripts/Presentation/VisualWorld.cs:79)
Eldoria.Presentation.SlicePresenter:OnSceneLoaded (UnityEngine.SceneManagement.Scene,UnityEngine.SceneManagement.LoadSceneMode) (at Assets/Eldoria/Scripts/Presentation/SlicePresenter.cs:48)
UnityEngine.SceneManagement.SceneManager:Internal_SceneLoaded (UnityEngine.SceneManagement.Scene,UnityEngine.SceneManagement.LoadSceneMode)

[Assets/Eldoria/Scripts/Presentation/ValoriaExternalAssetLibrary.cs line 45]

Serialized reference type mismatch: field 'StoneWall' expects 'GameObject' but the stored reference is a 'Prefab'. The reference is treated as null (and serialized as null in player builds). Re-assign the field in the Inspector to fix it.
UnityEngine.Debug:ExtractStackTraceNoAlloc (byte*,int,string)
UnityEngine.StackTraceUtility:ExtractStackTrace ()
UnityEngine.ResourcesAPIInternal:Load (string,System.Type)
UnityEngine.ResourcesAPI:Load (string,System.Type)
UnityEngine.Resources:Load (string,System.Type)
UnityEngine.Resources:Load<Eldoria.Presentation.ValoriaExternalAssetLibrary> (string)
Eldoria.Presentation.ValoriaExternalAssetLibrary:Load () (at Assets/Eldoria/Scripts/Presentation/ValoriaExternalAssetLibrary.cs:45)
Eldoria.Presentation.VisualWorld:PlayableDistrictSkeleton (Eldoria.Domain.PlayerState) (at Assets/Eldoria/Scripts/Presentation/VisualWorld.cs:117)
Eldoria.Presentation.VisualWorld:Create (bool,Eldoria.Domain.PlayerState) (at Assets/Eldoria/Scripts/Presentation/VisualWorld.cs:79)
Eldoria.Presentation.SlicePresenter:OnSceneLoaded (UnityEngine.SceneManagement.Scene,UnityEngine.SceneManagement.LoadSceneMode) (at Assets/Eldoria/Scripts/Presentation/SlicePresenter.cs:48)
UnityEngine.SceneManagement.SceneManager:Internal_SceneLoaded (UnityEngine.SceneManagement.Scene,UnityEngine.SceneManagement.LoadSceneMode)

[Assets/Eldoria/Scripts/Presentation/ValoriaExternalAssetLibrary.cs line 45]

Serialized reference type mismatch: field 'StoneGate' expects 'GameObject' but the stored reference is a 'Prefab'. The reference is treated as null (and serialized as null in player builds). Re-assign the field in the Inspector to fix it.
UnityEngine.Debug:ExtractStackTraceNoAlloc (byte*,int,string)
UnityEngine.StackTraceUtility:ExtractStackTrace ()
UnityEngine.ResourcesAPIInternal:Load (string,System.Type)
UnityEngine.ResourcesAPI:Load (string,System.Type)
UnityEngine.Resources:Load (string,System.Type)
UnityEngine.Resources:Load<Eldoria.Presentation.ValoriaExternalAssetLibrary> (string)
Eldoria.Presentation.ValoriaExternalAssetLibrary:Load () (at Assets/Eldoria/Scripts/Presentation/ValoriaExternalAssetLibrary.cs:45)
Eldoria.Presentation.VisualWorld:PlayableDistrictSkeleton (Eldoria.Domain.PlayerState) (at Assets/Eldoria/Scripts/Presentation/VisualWorld.cs:117)
Eldoria.Presentation.VisualWorld:Create (bool,Eldoria.Domain.PlayerState) (at Assets/Eldoria/Scripts/Presentation/VisualWorld.cs:79)
Eldoria.Presentation.SlicePresenter:OnSceneLoaded (UnityEngine.SceneManagement.Scene,UnityEngine.SceneManagement.LoadSceneMode) (at Assets/Eldoria/Scripts/Presentation/SlicePresenter.cs:48)
UnityEngine.SceneManagement.SceneManager:Internal_SceneLoaded (UnityEngine.SceneManagement.Scene,UnityEngine.SceneManagement.LoadSceneMode)

[Assets/Eldoria/Scripts/Presentation/ValoriaExternalAssetLibrary.cs line 45]

Serialized reference type mismatch: field 'LumberMill' expects 'GameObject' but the stored reference is a 'Prefab'. The reference is treated as null (and serialized as null in player builds). Re-assign the field in the Inspector to fix it.
UnityEngine.Debug:ExtractStackTraceNoAlloc (byte*,int,string)
UnityEngine.StackTraceUtility:ExtractStackTrace ()
UnityEngine.ResourcesAPIInternal:Load (string,System.Type)
UnityEngine.ResourcesAPI:Load (string,System.Type)
UnityEngine.Resources:Load (string,System.Type)
UnityEngine.Resources:Load<Eldoria.Presentation.ValoriaExternalAssetLibrary> (string)
Eldoria.Presentation.ValoriaExternalAssetLibrary:Load () (at Assets/Eldoria/Scripts/Presentation/ValoriaExternalAssetLibrary.cs:45)
Eldoria.Presentation.VisualWorld:PlayableDistrictSkeleton (Eldoria.Domain.PlayerState) (at Assets/Eldoria/Scripts/Presentation/VisualWorld.cs:117)
Eldoria.Presentation.VisualWorld:Create (bool,Eldoria.Domain.PlayerState) (at Assets/Eldoria/Scripts/Presentation/VisualWorld.cs:79)
Eldoria.Presentation.SlicePresenter:OnSceneLoaded (UnityEngine.SceneManagement.Scene,UnityEngine.SceneManagement.LoadSceneMode) (at Assets/Eldoria/Scripts/Presentation/SlicePresenter.cs:48)
UnityEngine.SceneManagement.SceneManager:Internal_SceneLoaded (UnityEngine.SceneManagement.Scene,UnityEngine.SceneManagement.LoadSceneMode)

[Assets/Eldoria/Scripts/Presentation/ValoriaExternalAssetLibrary.cs line 45]

Loaded scene 'Assets/Eldoria/Scenes/Valoria.unity'
	Deserialize:            0.383 ms
	Integration:            311.296 ms
	Integration of assets:  0.001 ms
	Thread Wait Time:       0.037 ms
	Total Operation Time:   311.717 ms
Unloading 1598 unused Assets / (21.5 MB). Loaded Objects now: 15207.
Memory consumption went from 0.63 GB to 0.61 GB.
Total: 12.940100 ms (FindLiveObjects: 0.917600 ms CreateObjectMapping: 0.479400 ms MarkObjects: 6.952100 ms  DeleteObjects: 4.590200 ms)

Unloading 82 Unused Serialized files (Serialized files now loaded: 0)
UnloadTime: 6.348600 ms
Serialized reference type mismatch: field 'StoneTower' expects 'GameObject' but the stored reference is a 'Prefab'. The reference is treated as null (and serialized as null in player builds). Re-assign the field in the Inspector to fix it.
UnityEngine.Debug:ExtractStackTraceNoAlloc (byte*,int,string)
UnityEngine.StackTraceUtility:ExtractStackTrace ()
UnityEngine.ResourcesAPIInternal:Load (string,System.Type)
UnityEngine.ResourcesAPI:Load (string,System.Type)
UnityEngine.Resources:Load (string,System.Type)
UnityEngine.Resources:Load<Eldoria.Presentation.ValoriaExternalAssetLibrary> (string)
Eldoria.Presentation.ValoriaExternalAssetLibrary:Load () (at Assets/Eldoria/Scripts/Presentation/ValoriaExternalAssetLibrary.cs:45)
Eldoria.Presentation.VisualWorld:PlayableDistrictSkeleton (Eldoria.Domain.PlayerState) (at Assets/Eldoria/Scripts/Presentation/VisualWorld.cs:117)
Eldoria.Presentation.VisualWorld:Create (bool,Eldoria.Domain.PlayerState) (at Assets/Eldoria/Scripts/Presentation/VisualWorld.cs:79)
Eldoria.Presentation.SlicePresenter:OnSceneLoaded (UnityEngine.SceneManagement.Scene,UnityEngine.SceneManagement.LoadSceneMode) (at Assets/Eldoria/Scripts/Presentation/SlicePresenter.cs:48)
UnityEngine.SceneManagement.SceneManager:Internal_SceneLoaded (UnityEngine.SceneManagement.Scene,UnityEngine.SceneManagement.LoadSceneMode)

[Assets/Eldoria/Scripts/Presentation/ValoriaExternalAssetLibrary.cs line 45]

Serialized reference type mismatch: field 'StoneWall' expects 'GameObject' but the stored reference is a 'Prefab'. The reference is treated as null (and serialized as null in player builds). Re-assign the field in the Inspector to fix it.
UnityEngine.Debug:ExtractStackTraceNoAlloc (byte*,int,string)
UnityEngine.StackTraceUtility:ExtractStackTrace ()
UnityEngine.ResourcesAPIInternal:Load (string,System.Type)
UnityEngine.ResourcesAPI:Load (string,System.Type)
UnityEngine.Resources:Load (string,System.Type)
UnityEngine.Resources:Load<Eldoria.Presentation.ValoriaExternalAssetLibrary> (string)
Eldoria.Presentation.ValoriaExternalAssetLibrary:Load () (at Assets/Eldoria/Scripts/Presentation/ValoriaExternalAssetLibrary.cs:45)
Eldoria.Presentation.VisualWorld:PlayableDistrictSkeleton (Eldoria.Domain.PlayerState) (at Assets/Eldoria/Scripts/Presentation/VisualWorld.cs:117)
Eldoria.Presentation.VisualWorld:Create (bool,Eldoria.Domain.PlayerState) (at Assets/Eldoria/Scripts/Presentation/VisualWorld.cs:79)
Eldoria.Presentation.SlicePresenter:OnSceneLoaded (UnityEngine.SceneManagement.Scene,UnityEngine.SceneManagement.LoadSceneMode) (at Assets/Eldoria/Scripts/Presentation/SlicePresenter.cs:48)
UnityEngine.SceneManagement.SceneManager:Internal_SceneLoaded (UnityEngine.SceneManagement.Scene,UnityEngine.SceneManagement.LoadSceneMode)

[Assets/Eldoria/Scripts/Presentation/ValoriaExternalAssetLibrary.cs line 45]

Serialized reference type mismatch: field 'StoneGate' expects 'GameObject' but the stored reference is a 'Prefab'. The reference is treated as null (and serialized as null in player builds). Re-assign the field in the Inspector to fix it.
UnityEngine.Debug:ExtractStackTraceNoAlloc (byte*,int,string)
UnityEngine.StackTraceUtility:ExtractStackTrace ()
UnityEngine.ResourcesAPIInternal:Load (string,System.Type)
UnityEngine.ResourcesAPI:Load (string,System.Type)
UnityEngine.Resources:Load (string,System.Type)
UnityEngine.Resources:Load<Eldoria.Presentation.ValoriaExternalAssetLibrary> (string)
Eldoria.Presentation.ValoriaExternalAssetLibrary:Load () (at Assets/Eldoria/Scripts/Presentation/ValoriaExternalAssetLibrary.cs:45)
Eldoria.Presentation.VisualWorld:PlayableDistrictSkeleton (Eldoria.Domain.PlayerState) (at Assets/Eldoria/Scripts/Presentation/VisualWorld.cs:117)
Eldoria.Presentation.VisualWorld:Create (bool,Eldoria.Domain.PlayerState) (at Assets/Eldoria/Scripts/Presentation/VisualWorld.cs:79)
Eldoria.Presentation.SlicePresenter:OnSceneLoaded (UnityEngine.SceneManagement.Scene,UnityEngine.SceneManagement.LoadSceneMode) (at Assets/Eldoria/Scripts/Presentation/SlicePresenter.cs:48)
UnityEngine.SceneManagement.SceneManager:Internal_SceneLoaded (UnityEngine.SceneManagement.Scene,UnityEngine.SceneManagement.LoadSceneMode)

[Assets/Eldoria/Scripts/Presentation/ValoriaExternalAssetLibrary.cs line 45]

Serialized reference type mismatch: field 'LumberMill' expects 'GameObject' but the stored reference is a 'Prefab'. The reference is treated as null (and serialized as null in player builds). Re-assign the field in the Inspector to fix it.
UnityEngine.Debug:ExtractStackTraceNoAlloc (byte*,int,string)
UnityEngine.StackTraceUtility:ExtractStackTrace ()
UnityEngine.ResourcesAPIInternal:Load (string,System.Type)
UnityEngine.ResourcesAPI:Load (string,System.Type)
UnityEngine.Resources:Load (string,System.Type)
UnityEngine.Resources:Load<Eldoria.Presentation.ValoriaExternalAssetLibrary> (string)
Eldoria.Presentation.ValoriaExternalAssetLibrary:Load () (at Assets/Eldoria/Scripts/Presentation/ValoriaExternalAssetLibrary.cs:45)
Eldoria.Presentation.VisualWorld:PlayableDistrictSkeleton (Eldoria.Domain.PlayerState) (at Assets/Eldoria/Scripts/Presentation/VisualWorld.cs:117)
Eldoria.Presentation.VisualWorld:Create (bool,Eldoria.Domain.PlayerState) (at Assets/Eldoria/Scripts/Presentation/VisualWorld.cs:79)
Eldoria.Presentation.SlicePresenter:OnSceneLoaded (UnityEngine.SceneManagement.Scene,UnityEngine.SceneManagement.LoadSceneMode) (at Assets/Eldoria/Scripts/Presentation/SlicePresenter.cs:48)
UnityEngine.SceneManagement.SceneManager:Internal_SceneLoaded (UnityEngine.SceneManagement.Scene,UnityEngine.SceneManagement.LoadSceneMode)

[Assets/Eldoria/Scripts/Presentation/ValoriaExternalAssetLibrary.cs line 45]

Loaded scene 'Assets/Eldoria/Scenes/Valoria.unity'
	Deserialize:            0.347 ms
	Integration:            312.003 ms
	Integration of assets:  0.001 ms
	Thread Wait Time:       18.187 ms
	Total Operation Time:   330.538 ms
Unloading 1598 unused Assets / (16.4 MB). Loaded Objects now: 15210.
Memory consumption went from 0.63 GB to 0.62 GB.
Total: 12.892000 ms (FindLiveObjects: 0.978600 ms CreateObjectMapping: 0.484800 ms MarkObjects: 7.018800 ms  DeleteObjects: 4.409400 ms)

Unloading 82 Unused Serialized files (Serialized files now loaded: 0)
UnloadTime: 5.501000 ms
Serialized reference type mismatch: field 'StoneTower' expects 'GameObject' but the stored reference is a 'Prefab'. The reference is treated as null (and serialized as null in player builds). Re-assign the field in the Inspector to fix it.
UnityEngine.Debug:ExtractStackTraceNoAlloc (byte*,int,string)
UnityEngine.StackTraceUtility:ExtractStackTrace ()
UnityEngine.ResourcesAPIInternal:Load (string,System.Type)
UnityEngine.ResourcesAPI:Load (string,System.Type)
UnityEngine.Resources:Load (string,System.Type)
UnityEngine.Resources:Load<Eldoria.Presentation.ValoriaExternalAssetLibrary> (string)
Eldoria.Presentation.ValoriaExternalAssetLibrary:Load () (at Assets/Eldoria/Scripts/Presentation/ValoriaExternalAssetLibrary.cs:45)
Eldoria.Presentation.VisualWorld:Frontier (Eldoria.Domain.PlayerState) (at Assets/Eldoria/Scripts/Presentation/VisualWorld.cs:745)
Eldoria.Presentation.VisualWorld:Create (bool,Eldoria.Domain.PlayerState) (at Assets/Eldoria/Scripts/Presentation/VisualWorld.cs:81)
Eldoria.Presentation.SlicePresenter:OnSceneLoaded (UnityEngine.SceneManagement.Scene,UnityEngine.SceneManagement.LoadSceneMode) (at Assets/Eldoria/Scripts/Presentation/SlicePresenter.cs:48)
UnityEngine.SceneManagement.SceneManager:Internal_SceneLoaded (UnityEngine.SceneManagement.Scene,UnityEngine.SceneManagement.LoadSceneMode)

[Assets/Eldoria/Scripts/Presentation/ValoriaExternalAssetLibrary.cs line 45]

Serialized reference type mismatch: field 'StoneWall' expects 'GameObject' but the stored reference is a 'Prefab'. The reference is treated as null (and serialized as null in player builds). Re-assign the field in the Inspector to fix it.
UnityEngine.Debug:ExtractStackTraceNoAlloc (byte*,int,string)
UnityEngine.StackTraceUtility:ExtractStackTrace ()
UnityEngine.ResourcesAPIInternal:Load (string,System.Type)
UnityEngine.ResourcesAPI:Load (string,System.Type)
UnityEngine.Resources:Load (string,System.Type)
UnityEngine.Resources:Load<Eldoria.Presentation.ValoriaExternalAssetLibrary> (string)
Eldoria.Presentation.ValoriaExternalAssetLibrary:Load () (at Assets/Eldoria/Scripts/Presentation/ValoriaExternalAssetLibrary.cs:45)
Eldoria.Presentation.VisualWorld:Frontier (Eldoria.Domain.PlayerState) (at Assets/Eldoria/Scripts/Presentation/VisualWorld.cs:745)
Eldoria.Presentation.VisualWorld:Create (bool,Eldoria.Domain.PlayerState) (at Assets/Eldoria/Scripts/Presentation/VisualWorld.cs:81)
Eldoria.Presentation.SlicePresenter:OnSceneLoaded (UnityEngine.SceneManagement.Scene,UnityEngine.SceneManagement.LoadSceneMode) (at Assets/Eldoria/Scripts/Presentation/SlicePresenter.cs:48)
UnityEngine.SceneManagement.SceneManager:Internal_SceneLoaded (UnityEngine.SceneManagement.Scene,UnityEngine.SceneManagement.LoadSceneMode)

[Assets/Eldoria/Scripts/Presentation/ValoriaExternalAssetLibrary.cs line 45]

Serialized reference type mismatch: field 'StoneGate' expects 'GameObject' but the stored reference is a 'Prefab'. The reference is treated as null (and serialized as null in player builds). Re-assign the field in the Inspector to fix it.
UnityEngine.Debug:ExtractStackTraceNoAlloc (byte*,int,string)
UnityEngine.StackTraceUtility:ExtractStackTrace ()
UnityEngine.ResourcesAPIInternal:Load (string,System.Type)
UnityEngine.ResourcesAPI:Load (string,System.Type)
UnityEngine.Resources:Load (string,System.Type)
UnityEngine.Resources:Load<Eldoria.Presentation.ValoriaExternalAssetLibrary> (string)
Eldoria.Presentation.ValoriaExternalAssetLibrary:Load () (at Assets/Eldoria/Scripts/Presentation/ValoriaExternalAssetLibrary.cs:45)
Eldoria.Presentation.VisualWorld:Frontier (Eldoria.Domain.PlayerState) (at Assets/Eldoria/Scripts/Presentation/VisualWorld.cs:745)
Eldoria.Presentation.VisualWorld:Create (bool,Eldoria.Domain.PlayerState) (at Assets/Eldoria/Scripts/Presentation/VisualWorld.cs:81)
Eldoria.Presentation.SlicePresenter:OnSceneLoaded (UnityEngine.SceneManagement.Scene,UnityEngine.SceneManagement.LoadSceneMode) (at Assets/Eldoria/Scripts/Presentation/SlicePresenter.cs:48)
UnityEngine.SceneManagement.SceneManager:Internal_SceneLoaded (UnityEngine.SceneManagement.Scene,UnityEngine.SceneManagement.LoadSceneMode)

[Assets/Eldoria/Scripts/Presentation/ValoriaExternalAssetLibrary.cs line 45]

Serialized reference type mismatch: field 'LumberMill' expects 'GameObject' but the stored reference is a 'Prefab'. The reference is treated as null (and serialized as null in player builds). Re-assign the field in the Inspector to fix it.
UnityEngine.Debug:ExtractStackTraceNoAlloc (byte*,int,string)
UnityEngine.StackTraceUtility:ExtractStackTrace ()
UnityEngine.ResourcesAPIInternal:Load (string,System.Type)
UnityEngine.ResourcesAPI:Load (string,System.Type)
UnityEngine.Resources:Load (string,System.Type)
UnityEngine.Resources:Load<Eldoria.Presentation.ValoriaExternalAssetLibrary> (string)
Eldoria.Presentation.ValoriaExternalAssetLibrary:Load () (at Assets/Eldoria/Scripts/Presentation/ValoriaExternalAssetLibrary.cs:45)
Eldoria.Presentation.VisualWorld:Frontier (Eldoria.Domain.PlayerState) (at Assets/Eldoria/Scripts/Presentation/VisualWorld.cs:745)
Eldoria.Presentation.VisualWorld:Create (bool,Eldoria.Domain.PlayerState) (at Assets/Eldoria/Scripts/Presentation/VisualWorld.cs:81)
Eldoria.Presentation.SlicePresenter:OnSceneLoaded (UnityEngine.SceneManagement.Scene,UnityEngine.SceneManagement.LoadSceneMode) (at Assets/Eldoria/Scripts/Presentation/SlicePresenter.cs:48)
UnityEngine.SceneManagement.SceneManager:Internal_SceneLoaded (UnityEngine.SceneManagement.Scene,UnityEngine.SceneManagement.LoadSceneMode)

[Assets/Eldoria/Scripts/Presentation/ValoriaExternalAssetLibrary.cs line 45]

Loaded scene 'Assets/Eldoria/Scenes/Frontier.unity'
	Deserialize:            0.368 ms
	Integration:            209.898 ms
	Integration of assets:  0.001 ms
	Thread Wait Time:       5.630 ms
	Total Operation Time:   215.896 ms
Unloading 1473 unused Assets / (139.6 MB). Loaded Objects now: 8804.
Memory consumption went from 0.64 GB to 0.50 GB.
Total: 17.411200 ms (FindLiveObjects: 0.699300 ms CreateObjectMapping: 0.350700 ms MarkObjects: 6.741400 ms  DeleteObjects: 9.619500 ms)

Unloading 66 Unused Serialized files (Serialized files now loaded: 0)
UnloadTime: 3.097800 ms
Serialized reference type mismatch: field 'StoneTower' expects 'GameObject' but the stored reference is a 'Prefab'. The reference is treated as null (and serialized as null in player builds). Re-assign the field in the Inspector to fix it.
UnityEngine.Debug:ExtractStackTraceNoAlloc (byte*,int,string)
UnityEngine.StackTraceUtility:ExtractStackTrace ()
UnityEngine.ResourcesAPIInternal:Load (string,System.Type)
UnityEngine.ResourcesAPI:Load (string,System.Type)
UnityEngine.Resources:Load (string,System.Type)
UnityEngine.Resources:Load<Eldoria.Presentation.ValoriaExternalAssetLibrary> (string)
Eldoria.Presentation.ValoriaExternalAssetLibrary:Load () (at Assets/Eldoria/Scripts/Presentation/ValoriaExternalAssetLibrary.cs:45)
Eldoria.Presentation.VisualWorld:Frontier (Eldoria.Domain.PlayerState) (at Assets/Eldoria/Scripts/Presentation/VisualWorld.cs:745)
Eldoria.Presentation.VisualWorld:Create (bool,Eldoria.Domain.PlayerState) (at Assets/Eldoria/Scripts/Presentation/VisualWorld.cs:81)
Eldoria.Presentation.SlicePresenter:OnSceneLoaded (UnityEngine.SceneManagement.Scene,UnityEngine.SceneManagement.LoadSceneMode) (at Assets/Eldoria/Scripts/Presentation/SlicePresenter.cs:48)
UnityEngine.SceneManagement.SceneManager:Internal_SceneLoaded (UnityEngine.SceneManagement.Scene,UnityEngine.SceneManagement.LoadSceneMode)

[Assets/Eldoria/Scripts/Presentation/ValoriaExternalAssetLibrary.cs line 45]

Serialized reference type mismatch: field 'StoneWall' expects 'GameObject' but the stored reference is a 'Prefab'. The reference is treated as null (and serialized as null in player builds). Re-assign the field in the Inspector to fix it.
UnityEngine.Debug:ExtractStackTraceNoAlloc (byte*,int,string)
UnityEngine.StackTraceUtility:ExtractStackTrace ()
UnityEngine.ResourcesAPIInternal:Load (string,System.Type)
UnityEngine.ResourcesAPI:Load (string,System.Type)
UnityEngine.Resources:Load (string,System.Type)
UnityEngine.Resources:Load<Eldoria.Presentation.ValoriaExternalAssetLibrary> (string)
Eldoria.Presentation.ValoriaExternalAssetLibrary:Load () (at Assets/Eldoria/Scripts/Presentation/ValoriaExternalAssetLibrary.cs:45)
Eldoria.Presentation.VisualWorld:Frontier (Eldoria.Domain.PlayerState) (at Assets/Eldoria/Scripts/Presentation/VisualWorld.cs:745)
Eldoria.Presentation.VisualWorld:Create (bool,Eldoria.Domain.PlayerState) (at Assets/Eldoria/Scripts/Presentation/VisualWorld.cs:81)
Eldoria.Presentation.SlicePresenter:OnSceneLoaded (UnityEngine.SceneManagement.Scene,UnityEngine.SceneManagement.LoadSceneMode) (at Assets/Eldoria/Scripts/Presentation/SlicePresenter.cs:48)
UnityEngine.SceneManagement.SceneManager:Internal_SceneLoaded (UnityEngine.SceneManagement.Scene,UnityEngine.SceneManagement.LoadSceneMode)

[Assets/Eldoria/Scripts/Presentation/ValoriaExternalAssetLibrary.cs line 45]

Serialized reference type mismatch: field 'StoneGate' expects 'GameObject' but the stored reference is a 'Prefab'. The reference is treated as null (and serialized as null in player builds). Re-assign the field in the Inspector to fix it.
UnityEngine.Debug:ExtractStackTraceNoAlloc (byte*,int,string)
UnityEngine.StackTraceUtility:ExtractStackTrace ()
UnityEngine.ResourcesAPIInternal:Load (string,System.Type)
UnityEngine.ResourcesAPI:Load (string,System.Type)
UnityEngine.Resources:Load (string,System.Type)
UnityEngine.Resources:Load<Eldoria.Presentation.ValoriaExternalAssetLibrary> (string)
Eldoria.Presentation.ValoriaExternalAssetLibrary:Load () (at Assets/Eldoria/Scripts/Presentation/ValoriaExternalAssetLibrary.cs:45)
Eldoria.Presentation.VisualWorld:Frontier (Eldoria.Domain.PlayerState) (at Assets/Eldoria/Scripts/Presentation/VisualWorld.cs:745)
Eldoria.Presentation.VisualWorld:Create (bool,Eldoria.Domain.PlayerState) (at Assets/Eldoria/Scripts/Presentation/VisualWorld.cs:81)
Eldoria.Presentation.SlicePresenter:OnSceneLoaded (UnityEngine.SceneManagement.Scene,UnityEngine.SceneManagement.LoadSceneMode) (at Assets/Eldoria/Scripts/Presentation/SlicePresenter.cs:48)
UnityEngine.SceneManagement.SceneManager:Internal_SceneLoaded (UnityEngine.SceneManagement.Scene,UnityEngine.SceneManagement.LoadSceneMode)

[Assets/Eldoria/Scripts/Presentation/ValoriaExternalAssetLibrary.cs line 45]

Serialized reference type mismatch: field 'LumberMill' expects 'GameObject' but the stored reference is a 'Prefab'. The reference is treated as null (and serialized as null in player builds). Re-assign the field in the Inspector to fix it.
UnityEngine.Debug:ExtractStackTraceNoAlloc (byte*,int,string)
UnityEngine.StackTraceUtility:ExtractStackTrace ()
UnityEngine.ResourcesAPIInternal:Load (string,System.Type)
UnityEngine.ResourcesAPI:Load (string,System.Type)
UnityEngine.Resources:Load (string,System.Type)
UnityEngine.Resources:Load<Eldoria.Presentation.ValoriaExternalAssetLibrary> (string)
Eldoria.Presentation.ValoriaExternalAssetLibrary:Load () (at Assets/Eldoria/Scripts/Presentation/ValoriaExternalAssetLibrary.cs:45)
Eldoria.Presentation.VisualWorld:Frontier (Eldoria.Domain.PlayerState) (at Assets/Eldoria/Scripts/Presentation/VisualWorld.cs:745)
Eldoria.Presentation.VisualWorld:Create (bool,Eldoria.Domain.PlayerState) (at Assets/Eldoria/Scripts/Presentation/VisualWorld.cs:81)
Eldoria.Presentation.SlicePresenter:OnSceneLoaded (UnityEngine.SceneManagement.Scene,UnityEngine.SceneManagement.LoadSceneMode) (at Assets/Eldoria/Scripts/Presentation/SlicePresenter.cs:48)
UnityEngine.SceneManagement.SceneManager:Internal_SceneLoaded (UnityEngine.SceneManagement.Scene,UnityEngine.SceneManagement.LoadSceneMode)

[Assets/Eldoria/Scripts/Presentation/ValoriaExternalAssetLibrary.cs line 45]

Loaded scene 'Assets/Eldoria/Scenes/Frontier.unity'
	Deserialize:            0.370 ms
	Integration:            187.141 ms
	Integration of assets:  0.001 ms
	Thread Wait Time:       0.059 ms
	Total Operation Time:   187.572 ms
Unloading 885 unused Assets / (1.2 MB). Loaded Objects now: 8876.
Memory consumption went from 369.3 MB to 368.1 MB.
Total: 9.117700 ms (FindLiveObjects: 0.581800 ms CreateObjectMapping: 0.300000 ms MarkObjects: 6.672700 ms  DeleteObjects: 1.562900 ms)

Unloading 68 Unused Serialized files (Serialized files now loaded: 0)
UnloadTime: 2.052800 ms
Serialized reference type mismatch: field 'StoneTower' expects 'GameObject' but the stored reference is a 'Prefab'. The reference is treated as null (and serialized as null in player builds). Re-assign the field in the Inspector to fix it.
UnityEngine.Debug:ExtractStackTraceNoAlloc (byte*,int,string)
UnityEngine.StackTraceUtility:ExtractStackTrace ()
UnityEngine.ResourcesAPIInternal:Load (string,System.Type)
UnityEngine.ResourcesAPI:Load (string,System.Type)
UnityEngine.Resources:Load (string,System.Type)
UnityEngine.Resources:Load<Eldoria.Presentation.ValoriaExternalAssetLibrary> (string)
Eldoria.Presentation.ValoriaExternalAssetLibrary:Load () (at Assets/Eldoria/Scripts/Presentation/ValoriaExternalAssetLibrary.cs:45)
Eldoria.Presentation.VisualWorld:Frontier (Eldoria.Domain.PlayerState) (at Assets/Eldoria/Scripts/Presentation/VisualWorld.cs:745)
Eldoria.Presentation.VisualWorld:Create (bool,Eldoria.Domain.PlayerState) (at Assets/Eldoria/Scripts/Presentation/VisualWorld.cs:81)
Eldoria.Presentation.SlicePresenter:OnSceneLoaded (UnityEngine.SceneManagement.Scene,UnityEngine.SceneManagement.LoadSceneMode) (at Assets/Eldoria/Scripts/Presentation/SlicePresenter.cs:48)
UnityEngine.SceneManagement.SceneManager:Internal_SceneLoaded (UnityEngine.SceneManagement.Scene,UnityEngine.SceneManagement.LoadSceneMode)

[Assets/Eldoria/Scripts/Presentation/ValoriaExternalAssetLibrary.cs line 45]

Serialized reference type mismatch: field 'StoneWall' expects 'GameObject' but the stored reference is a 'Prefab'. The reference is treated as null (and serialized as null in player builds). Re-assign the field in the Inspector to fix it.
UnityEngine.Debug:ExtractStackTraceNoAlloc (byte*,int,string)
UnityEngine.StackTraceUtility:ExtractStackTrace ()
UnityEngine.ResourcesAPIInternal:Load (string,System.Type)
UnityEngine.ResourcesAPI:Load (string,System.Type)
UnityEngine.Resources:Load (string,System.Type)
UnityEngine.Resources:Load<Eldoria.Presentation.ValoriaExternalAssetLibrary> (string)
Eldoria.Presentation.ValoriaExternalAssetLibrary:Load () (at Assets/Eldoria/Scripts/Presentation/ValoriaExternalAssetLibrary.cs:45)
Eldoria.Presentation.VisualWorld:Frontier (Eldoria.Domain.PlayerState) (at Assets/Eldoria/Scripts/Presentation/VisualWorld.cs:745)
Eldoria.Presentation.VisualWorld:Create (bool,Eldoria.Domain.PlayerState) (at Assets/Eldoria/Scripts/Presentation/VisualWorld.cs:81)
Eldoria.Presentation.SlicePresenter:OnSceneLoaded (UnityEngine.SceneManagement.Scene,UnityEngine.SceneManagement.LoadSceneMode) (at Assets/Eldoria/Scripts/Presentation/SlicePresenter.cs:48)
UnityEngine.SceneManagement.SceneManager:Internal_SceneLoaded (UnityEngine.SceneManagement.Scene,UnityEngine.SceneManagement.LoadSceneMode)

[Assets/Eldoria/Scripts/Presentation/ValoriaExternalAssetLibrary.cs line 45]

Serialized reference type mismatch: field 'StoneGate' expects 'GameObject' but the stored reference is a 'Prefab'. The reference is treated as null (and serialized as null in player builds). Re-assign the field in the Inspector to fix it.
UnityEngine.Debug:ExtractStackTraceNoAlloc (byte*,int,string)
UnityEngine.StackTraceUtility:ExtractStackTrace ()
UnityEngine.ResourcesAPIInternal:Load (string,System.Type)
UnityEngine.ResourcesAPI:Load (string,System.Type)
UnityEngine.Resources:Load (string,System.Type)
UnityEngine.Resources:Load<Eldoria.Presentation.ValoriaExternalAssetLibrary> (string)
Eldoria.Presentation.ValoriaExternalAssetLibrary:Load () (at Assets/Eldoria/Scripts/Presentation/ValoriaExternalAssetLibrary.cs:45)
Eldoria.Presentation.VisualWorld:Frontier (Eldoria.Domain.PlayerState) (at Assets/Eldoria/Scripts/Presentation/VisualWorld.cs:745)
Eldoria.Presentation.VisualWorld:Create (bool,Eldoria.Domain.PlayerState) (at Assets/Eldoria/Scripts/Presentation/VisualWorld.cs:81)
Eldoria.Presentation.SlicePresenter:OnSceneLoaded (UnityEngine.SceneManagement.Scene,UnityEngine.SceneManagement.LoadSceneMode) (at Assets/Eldoria/Scripts/Presentation/SlicePresenter.cs:48)
UnityEngine.SceneManagement.SceneManager:Internal_SceneLoaded (UnityEngine.SceneManagement.Scene,UnityEngine.SceneManagement.LoadSceneMode)

[Assets/Eldoria/Scripts/Presentation/ValoriaExternalAssetLibrary.cs line 45]

Serialized reference type mismatch: field 'LumberMill' expects 'GameObject' but the stored reference is a 'Prefab'. The reference is treated as null (and serialized as null in player builds). Re-assign the field in the Inspector to fix it.
UnityEngine.Debug:ExtractStackTraceNoAlloc (byte*,int,string)
UnityEngine.StackTraceUtility:ExtractStackTrace ()
UnityEngine.ResourcesAPIInternal:Load (string,System.Type)
UnityEngine.ResourcesAPI:Load (string,System.Type)
UnityEngine.Resources:Load (string,System.Type)
UnityEngine.Resources:Load<Eldoria.Presentation.ValoriaExternalAssetLibrary> (string)
Eldoria.Presentation.ValoriaExternalAssetLibrary:Load () (at Assets/Eldoria/Scripts/Presentation/ValoriaExternalAssetLibrary.cs:45)
Eldoria.Presentation.VisualWorld:Frontier (Eldoria.Domain.PlayerState) (at Assets/Eldoria/Scripts/Presentation/VisualWorld.cs:745)
Eldoria.Presentation.VisualWorld:Create (bool,Eldoria.Domain.PlayerState) (at Assets/Eldoria/Scripts/Presentation/VisualWorld.cs:81)
Eldoria.Presentation.SlicePresenter:OnSceneLoaded (UnityEngine.SceneManagement.Scene,UnityEngine.SceneManagement.LoadSceneMode) (at Assets/Eldoria/Scripts/Presentation/SlicePresenter.cs:48)
UnityEngine.SceneManagement.SceneManager:Internal_SceneLoaded (UnityEngine.SceneManagement.Scene,UnityEngine.SceneManagement.LoadSceneMode)

[Assets/Eldoria/Scripts/Presentation/ValoriaExternalAssetLibrary.cs line 45]

Loaded scene 'Assets/Eldoria/Scenes/Frontier.unity'
	Deserialize:            0.344 ms
	Integration:            191.338 ms
	Integration of assets:  0.001 ms
	Thread Wait Time:       3.443 ms
	Total Operation Time:   195.127 ms
Unloading 885 unused Assets / (1.2 MB). Loaded Objects now: 8804.
Memory consumption went from 369.6 MB to 368.4 MB.
Total: 9.202900 ms (FindLiveObjects: 0.586800 ms CreateObjectMapping: 0.300900 ms MarkObjects: 6.620600 ms  DeleteObjects: 1.694100 ms)

Unloading 68 Unused Serialized files (Serialized files now loaded: 0)
UnloadTime: 2.920100 ms
Serialized reference type mismatch: field 'StoneTower' expects 'GameObject' but the stored reference is a 'Prefab'. The reference is treated as null (and serialized as null in player builds). Re-assign the field in the Inspector to fix it.
UnityEngine.Debug:ExtractStackTraceNoAlloc (byte*,int,string)
UnityEngine.StackTraceUtility:ExtractStackTrace ()
UnityEngine.ResourcesAPIInternal:Load (string,System.Type)
UnityEngine.ResourcesAPI:Load (string,System.Type)
UnityEngine.Resources:Load (string,System.Type)
UnityEngine.Resources:Load<Eldoria.Presentation.ValoriaExternalAssetLibrary> (string)
Eldoria.Presentation.ValoriaExternalAssetLibrary:Load () (at Assets/Eldoria/Scripts/Presentation/ValoriaExternalAssetLibrary.cs:45)
Eldoria.Presentation.VisualWorld:PlayableDistrictSkeleton (Eldoria.Domain.PlayerState) (at Assets/Eldoria/Scripts/Presentation/VisualWorld.cs:117)
Eldoria.Presentation.VisualWorld:Create (bool,Eldoria.Domain.PlayerState) (at Assets/Eldoria/Scripts/Presentation/VisualWorld.cs:79)
Eldoria.Presentation.SlicePresenter:OnSceneLoaded (UnityEngine.SceneManagement.Scene,UnityEngine.SceneManagement.LoadSceneMode) (at Assets/Eldoria/Scripts/Presentation/SlicePresenter.cs:48)
UnityEngine.SceneManagement.SceneManager:Internal_SceneLoaded (UnityEngine.SceneManagement.Scene,UnityEngine.SceneManagement.LoadSceneMode)

[Assets/Eldoria/Scripts/Presentation/ValoriaExternalAssetLibrary.cs line 45]

Serialized reference type mismatch: field 'StoneWall' expects 'GameObject' but the stored reference is a 'Prefab'. The reference is treated as null (and serialized as null in player builds). Re-assign the field in the Inspector to fix it.
UnityEngine.Debug:ExtractStackTraceNoAlloc (byte*,int,string)
UnityEngine.StackTraceUtility:ExtractStackTrace ()
UnityEngine.ResourcesAPIInternal:Load (string,System.Type)
UnityEngine.ResourcesAPI:Load (string,System.Type)
UnityEngine.Resources:Load (string,System.Type)
UnityEngine.Resources:Load<Eldoria.Presentation.ValoriaExternalAssetLibrary> (string)
Eldoria.Presentation.ValoriaExternalAssetLibrary:Load () (at Assets/Eldoria/Scripts/Presentation/ValoriaExternalAssetLibrary.cs:45)
Eldoria.Presentation.VisualWorld:PlayableDistrictSkeleton (Eldoria.Domain.PlayerState) (at Assets/Eldoria/Scripts/Presentation/VisualWorld.cs:117)
Eldoria.Presentation.VisualWorld:Create (bool,Eldoria.Domain.PlayerState) (at Assets/Eldoria/Scripts/Presentation/VisualWorld.cs:79)
Eldoria.Presentation.SlicePresenter:OnSceneLoaded (UnityEngine.SceneManagement.Scene,UnityEngine.SceneManagement.LoadSceneMode) (at Assets/Eldoria/Scripts/Presentation/SlicePresenter.cs:48)
UnityEngine.SceneManagement.SceneManager:Internal_SceneLoaded (UnityEngine.SceneManagement.Scene,UnityEngine.SceneManagement.LoadSceneMode)

[Assets/Eldoria/Scripts/Presentation/ValoriaExternalAssetLibrary.cs line 45]

Serialized reference type mismatch: field 'StoneGate' expects 'GameObject' but the stored reference is a 'Prefab'. The reference is treated as null (and serialized as null in player builds). Re-assign the field in the Inspector to fix it.
UnityEngine.Debug:ExtractStackTraceNoAlloc (byte*,int,string)
UnityEngine.StackTraceUtility:ExtractStackTrace ()
UnityEngine.ResourcesAPIInternal:Load (string,System.Type)
UnityEngine.ResourcesAPI:Load (string,System.Type)
UnityEngine.Resources:Load (string,System.Type)
UnityEngine.Resources:Load<Eldoria.Presentation.ValoriaExternalAssetLibrary> (string)
Eldoria.Presentation.ValoriaExternalAssetLibrary:Load () (at Assets/Eldoria/Scripts/Presentation/ValoriaExternalAssetLibrary.cs:45)
Eldoria.Presentation.VisualWorld:PlayableDistrictSkeleton (Eldoria.Domain.PlayerState) (at Assets/Eldoria/Scripts/Presentation/VisualWorld.cs:117)
Eldoria.Presentation.VisualWorld:Create (bool,Eldoria.Domain.PlayerState) (at Assets/Eldoria/Scripts/Presentation/VisualWorld.cs:79)
Eldoria.Presentation.SlicePresenter:OnSceneLoaded (UnityEngine.SceneManagement.Scene,UnityEngine.SceneManagement.LoadSceneMode) (at Assets/Eldoria/Scripts/Presentation/SlicePresenter.cs:48)
UnityEngine.SceneManagement.SceneManager:Internal_SceneLoaded (UnityEngine.SceneManagement.Scene,UnityEngine.SceneManagement.LoadSceneMode)

[Assets/Eldoria/Scripts/Presentation/ValoriaExternalAssetLibrary.cs line 45]

Serialized reference type mismatch: field 'LumberMill' expects 'GameObject' but the stored reference is a 'Prefab'. The reference is treated as null (and serialized as null in player builds). Re-assign the field in the Inspector to fix it.
UnityEngine.Debug:ExtractStackTraceNoAlloc (byte*,int,string)
UnityEngine.StackTraceUtility:ExtractStackTrace ()
UnityEngine.ResourcesAPIInternal:Load (string,System.Type)
UnityEngine.ResourcesAPI:Load (string,System.Type)
UnityEngine.Resources:Load (string,System.Type)
UnityEngine.Resources:Load<Eldoria.Presentation.ValoriaExternalAssetLibrary> (string)
Eldoria.Presentation.ValoriaExternalAssetLibrary:Load () (at Assets/Eldoria/Scripts/Presentation/ValoriaExternalAssetLibrary.cs:45)
Eldoria.Presentation.VisualWorld:PlayableDistrictSkeleton (Eldoria.Domain.PlayerState) (at Assets/Eldoria/Scripts/Presentation/VisualWorld.cs:117)
Eldoria.Presentation.VisualWorld:Create (bool,Eldoria.Domain.PlayerState) (at Assets/Eldoria/Scripts/Presentation/VisualWorld.cs:79)
Eldoria.Presentation.SlicePresenter:OnSceneLoaded (UnityEngine.SceneManagement.Scene,UnityEngine.SceneManagement.LoadSceneMode) (at Assets/Eldoria/Scripts/Presentation/SlicePresenter.cs:48)
UnityEngine.SceneManagement.SceneManager:Internal_SceneLoaded (UnityEngine.SceneManagement.Scene,UnityEngine.SceneManagement.LoadSceneMode)

[Assets/Eldoria/Scripts/Presentation/ValoriaExternalAssetLibrary.cs line 45]

Loaded scene 'Assets/Eldoria/Scenes/Valoria.unity'
	Deserialize:            0.345 ms
	Integration:            412.794 ms
	Integration of assets:  0.001 ms
	Thread Wait Time:       16.503 ms
	Total Operation Time:   429.642 ms
Unloading 1107 unused Assets / (19.7 MB). Loaded Objects now: 15218.
Memory consumption went from 0.67 GB to 0.65 GB.
Total: 10.149400 ms (FindLiveObjects: 1.031800 ms CreateObjectMapping: 0.501100 ms MarkObjects: 6.666100 ms  DeleteObjects: 1.950000 ms)

Unloading 97 Unused Serialized files (Serialized files now loaded: 0)
UnloadTime: 6.715800 ms
Serialized reference type mismatch: field 'StoneTower' expects 'GameObject' but the stored reference is a 'Prefab'. The reference is treated as null (and serialized as null in player builds). Re-assign the field in the Inspector to fix it.
UnityEngine.Debug:ExtractStackTraceNoAlloc (byte*,int,string)
UnityEngine.StackTraceUtility:ExtractStackTrace ()
UnityEngine.ResourcesAPIInternal:Load (string,System.Type)
UnityEngine.ResourcesAPI:Load (string,System.Type)
UnityEngine.Resources:Load (string,System.Type)
UnityEngine.Resources:Load<Eldoria.Presentation.ValoriaExternalAssetLibrary> (string)
Eldoria.Presentation.ValoriaExternalAssetLibrary:Load () (at Assets/Eldoria/Scripts/Presentation/ValoriaExternalAssetLibrary.cs:45)
Eldoria.Presentation.VisualWorld:Frontier (Eldoria.Domain.PlayerState) (at Assets/Eldoria/Scripts/Presentation/VisualWorld.cs:745)
Eldoria.Presentation.VisualWorld:Create (bool,Eldoria.Domain.PlayerState) (at Assets/Eldoria/Scripts/Presentation/VisualWorld.cs:81)
Eldoria.Presentation.SlicePresenter:OnSceneLoaded (UnityEngine.SceneManagement.Scene,UnityEngine.SceneManagement.LoadSceneMode) (at Assets/Eldoria/Scripts/Presentation/SlicePresenter.cs:48)
UnityEngine.SceneManagement.SceneManager:Internal_SceneLoaded (UnityEngine.SceneManagement.Scene,UnityEngine.SceneManagement.LoadSceneMode)

[Assets/Eldoria/Scripts/Presentation/ValoriaExternalAssetLibrary.cs line 45]

Serialized reference type mismatch: field 'StoneWall' expects 'GameObject' but the stored reference is a 'Prefab'. The reference is treated as null (and serialized as null in player builds). Re-assign the field in the Inspector to fix it.
UnityEngine.Debug:ExtractStackTraceNoAlloc (byte*,int,string)
UnityEngine.StackTraceUtility:ExtractStackTrace ()
UnityEngine.ResourcesAPIInternal:Load (string,System.Type)
UnityEngine.ResourcesAPI:Load (string,System.Type)
UnityEngine.Resources:Load (string,System.Type)
UnityEngine.Resources:Load<Eldoria.Presentation.ValoriaExternalAssetLibrary> (string)
Eldoria.Presentation.ValoriaExternalAssetLibrary:Load () (at Assets/Eldoria/Scripts/Presentation/ValoriaExternalAssetLibrary.cs:45)
Eldoria.Presentation.VisualWorld:Frontier (Eldoria.Domain.PlayerState) (at Assets/Eldoria/Scripts/Presentation/VisualWorld.cs:745)
Eldoria.Presentation.VisualWorld:Create (bool,Eldoria.Domain.PlayerState) (at Assets/Eldoria/Scripts/Presentation/VisualWorld.cs:81)
Eldoria.Presentation.SlicePresenter:OnSceneLoaded (UnityEngine.SceneManagement.Scene,UnityEngine.SceneManagement.LoadSceneMode) (at Assets/Eldoria/Scripts/Presentation/SlicePresenter.cs:48)
UnityEngine.SceneManagement.SceneManager:Internal_SceneLoaded (UnityEngine.SceneManagement.Scene,UnityEngine.SceneManagement.LoadSceneMode)

[Assets/Eldoria/Scripts/Presentation/ValoriaExternalAssetLibrary.cs line 45]

Serialized reference type mismatch: field 'StoneGate' expects 'GameObject' but the stored reference is a 'Prefab'. The reference is treated as null (and serialized as null in player builds). Re-assign the field in the Inspector to fix it.
UnityEngine.Debug:ExtractStackTraceNoAlloc (byte*,int,string)
UnityEngine.StackTraceUtility:ExtractStackTrace ()
UnityEngine.ResourcesAPIInternal:Load (string,System.Type)
UnityEngine.ResourcesAPI:Load (string,System.Type)
UnityEngine.Resources:Load (string,System.Type)
UnityEngine.Resources:Load<Eldoria.Presentation.ValoriaExternalAssetLibrary> (string)
Eldoria.Presentation.ValoriaExternalAssetLibrary:Load () (at Assets/Eldoria/Scripts/Presentation/ValoriaExternalAssetLibrary.cs:45)
Eldoria.Presentation.VisualWorld:Frontier (Eldoria.Domain.PlayerState) (at Assets/Eldoria/Scripts/Presentation/VisualWorld.cs:745)
Eldoria.Presentation.VisualWorld:Create (bool,Eldoria.Domain.PlayerState) (at Assets/Eldoria/Scripts/Presentation/VisualWorld.cs:81)
Eldoria.Presentation.SlicePresenter:OnSceneLoaded (UnityEngine.SceneManagement.Scene,UnityEngine.SceneManagement.LoadSceneMode) (at Assets/Eldoria/Scripts/Presentation/SlicePresenter.cs:48)
UnityEngine.SceneManagement.SceneManager:Internal_SceneLoaded (UnityEngine.SceneManagement.Scene,UnityEngine.SceneManagement.LoadSceneMode)

[Assets/Eldoria/Scripts/Presentation/ValoriaExternalAssetLibrary.cs line 45]

Serialized reference type mismatch: field 'LumberMill' expects 'GameObject' but the stored reference is a 'Prefab'. The reference is treated as null (and serialized as null in player builds). Re-assign the field in the Inspector to fix it.
UnityEngine.Debug:ExtractStackTraceNoAlloc (byte*,int,string)
UnityEngine.StackTraceUtility:ExtractStackTrace ()
UnityEngine.ResourcesAPIInternal:Load (string,System.Type)
UnityEngine.ResourcesAPI:Load (string,System.Type)
UnityEngine.Resources:Load (string,System.Type)
UnityEngine.Resources:Load<Eldoria.Presentation.ValoriaExternalAssetLibrary> (string)
Eldoria.Presentation.ValoriaExternalAssetLibrary:Load () (at Assets/Eldoria/Scripts/Presentation/ValoriaExternalAssetLibrary.cs:45)
Eldoria.Presentation.VisualWorld:Frontier (Eldoria.Domain.PlayerState) (at Assets/Eldoria/Scripts/Presentation/VisualWorld.cs:745)
Eldoria.Presentation.VisualWorld:Create (bool,Eldoria.Domain.PlayerState) (at Assets/Eldoria/Scripts/Presentation/VisualWorld.cs:81)
Eldoria.Presentation.SlicePresenter:OnSceneLoaded (UnityEngine.SceneManagement.Scene,UnityEngine.SceneManagement.LoadSceneMode) (at Assets/Eldoria/Scripts/Presentation/SlicePresenter.cs:48)
UnityEngine.SceneManagement.SceneManager:Internal_SceneLoaded (UnityEngine.SceneManagement.Scene,UnityEngine.SceneManagement.LoadSceneMode)

[Assets/Eldoria/Scripts/Presentation/ValoriaExternalAssetLibrary.cs line 45]

Loaded scene 'Assets/Eldoria/Scenes/Frontier.unity'
	Deserialize:            0.324 ms
	Integration:            208.133 ms
	Integration of assets:  0.001 ms
	Thread Wait Time:       0.169 ms
	Total Operation Time:   208.626 ms
Unloading 1473 unused Assets / (139.5 MB). Loaded Objects now: 8804.
Memory consumption went from 0.64 GB to 0.50 GB.
Total: 17.562800 ms (FindLiveObjects: 0.658200 ms CreateObjectMapping: 0.351800 ms MarkObjects: 6.884800 ms  DeleteObjects: 9.667500 ms)

Unloading 66 Unused Serialized files (Serialized files now loaded: 0)
UnloadTime: 3.165200 ms
Serialized reference type mismatch: field 'StoneTower' expects 'GameObject' but the stored reference is a 'Prefab'. The reference is treated as null (and serialized as null in player builds). Re-assign the field in the Inspector to fix it.
UnityEngine.Debug:ExtractStackTraceNoAlloc (byte*,int,string)
UnityEngine.StackTraceUtility:ExtractStackTrace ()
UnityEngine.ResourcesAPIInternal:Load (string,System.Type)
UnityEngine.ResourcesAPI:Load (string,System.Type)
UnityEngine.Resources:Load (string,System.Type)
UnityEngine.Resources:Load<Eldoria.Presentation.ValoriaExternalAssetLibrary> (string)
Eldoria.Presentation.ValoriaExternalAssetLibrary:Load () (at Assets/Eldoria/Scripts/Presentation/ValoriaExternalAssetLibrary.cs:45)
Eldoria.Presentation.VisualWorld:Frontier (Eldoria.Domain.PlayerState) (at Assets/Eldoria/Scripts/Presentation/VisualWorld.cs:745)
Eldoria.Presentation.VisualWorld:Create (bool,Eldoria.Domain.PlayerState) (at Assets/Eldoria/Scripts/Presentation/VisualWorld.cs:81)
Eldoria.Presentation.SlicePresenter:OnSceneLoaded (UnityEngine.SceneManagement.Scene,UnityEngine.SceneManagement.LoadSceneMode) (at Assets/Eldoria/Scripts/Presentation/SlicePresenter.cs:48)
UnityEngine.SceneManagement.SceneManager:Internal_SceneLoaded (UnityEngine.SceneManagement.Scene,UnityEngine.SceneManagement.LoadSceneMode)

[Assets/Eldoria/Scripts/Presentation/ValoriaExternalAssetLibrary.cs line 45]

Serialized reference type mismatch: field 'StoneWall' expects 'GameObject' but the stored reference is a 'Prefab'. The reference is treated as null (and serialized as null in player builds). Re-assign the field in the Inspector to fix it.
UnityEngine.Debug:ExtractStackTraceNoAlloc (byte*,int,string)
UnityEngine.StackTraceUtility:ExtractStackTrace ()
UnityEngine.ResourcesAPIInternal:Load (string,System.Type)
UnityEngine.ResourcesAPI:Load (string,System.Type)
UnityEngine.Resources:Load (string,System.Type)
UnityEngine.Resources:Load<Eldoria.Presentation.ValoriaExternalAssetLibrary> (string)
Eldoria.Presentation.ValoriaExternalAssetLibrary:Load () (at Assets/Eldoria/Scripts/Presentation/ValoriaExternalAssetLibrary.cs:45)
Eldoria.Presentation.VisualWorld:Frontier (Eldoria.Domain.PlayerState) (at Assets/Eldoria/Scripts/Presentation/VisualWorld.cs:745)
Eldoria.Presentation.VisualWorld:Create (bool,Eldoria.Domain.PlayerState) (at Assets/Eldoria/Scripts/Presentation/VisualWorld.cs:81)
Eldoria.Presentation.SlicePresenter:OnSceneLoaded (UnityEngine.SceneManagement.Scene,UnityEngine.SceneManagement.LoadSceneMode) (at Assets/Eldoria/Scripts/Presentation/SlicePresenter.cs:48)
UnityEngine.SceneManagement.SceneManager:Internal_SceneLoaded (UnityEngine.SceneManagement.Scene,UnityEngine.SceneManagement.LoadSceneMode)

[Assets/Eldoria/Scripts/Presentation/ValoriaExternalAssetLibrary.cs line 45]

Serialized reference type mismatch: field 'StoneGate' expects 'GameObject' but the stored reference is a 'Prefab'. The reference is treated as null (and serialized as null in player builds). Re-assign the field in the Inspector to fix it.
UnityEngine.Debug:ExtractStackTraceNoAlloc (byte*,int,string)
UnityEngine.StackTraceUtility:ExtractStackTrace ()
UnityEngine.ResourcesAPIInternal:Load (string,System.Type)
UnityEngine.ResourcesAPI:Load (string,System.Type)
UnityEngine.Resources:Load (string,System.Type)
UnityEngine.Resources:Load<Eldoria.Presentation.ValoriaExternalAssetLibrary> (string)
Eldoria.Presentation.ValoriaExternalAssetLibrary:Load () (at Assets/Eldoria/Scripts/Presentation/ValoriaExternalAssetLibrary.cs:45)
Eldoria.Presentation.VisualWorld:Frontier (Eldoria.Domain.PlayerState) (at Assets/Eldoria/Scripts/Presentation/VisualWorld.cs:745)
Eldoria.Presentation.VisualWorld:Create (bool,Eldoria.Domain.PlayerState) (at Assets/Eldoria/Scripts/Presentation/VisualWorld.cs:81)
Eldoria.Presentation.SlicePresenter:OnSceneLoaded (UnityEngine.SceneManagement.Scene,UnityEngine.SceneManagement.LoadSceneMode) (at Assets/Eldoria/Scripts/Presentation/SlicePresenter.cs:48)
UnityEngine.SceneManagement.SceneManager:Internal_SceneLoaded (UnityEngine.SceneManagement.Scene,UnityEngine.SceneManagement.LoadSceneMode)

[Assets/Eldoria/Scripts/Presentation/ValoriaExternalAssetLibrary.cs line 45]

Serialized reference type mismatch: field 'LumberMill' expects 'GameObject' but the stored reference is a 'Prefab'. The reference is treated as null (and serialized as null in player builds). Re-assign the field in the Inspector to fix it.
UnityEngine.Debug:ExtractStackTraceNoAlloc (byte*,int,string)
UnityEngine.StackTraceUtility:ExtractStackTrace ()
UnityEngine.ResourcesAPIInternal:Load (string,System.Type)
UnityEngine.ResourcesAPI:Load (string,System.Type)
UnityEngine.Resources:Load (string,System.Type)
UnityEngine.Resources:Load<Eldoria.Presentation.ValoriaExternalAssetLibrary> (string)
Eldoria.Presentation.ValoriaExternalAssetLibrary:Load () (at Assets/Eldoria/Scripts/Presentation/ValoriaExternalAssetLibrary.cs:45)
Eldoria.Presentation.VisualWorld:Frontier (Eldoria.Domain.PlayerState) (at Assets/Eldoria/Scripts/Presentation/VisualWorld.cs:745)
Eldoria.Presentation.VisualWorld:Create (bool,Eldoria.Domain.PlayerState) (at Assets/Eldoria/Scripts/Presentation/VisualWorld.cs:81)
Eldoria.Presentation.SlicePresenter:OnSceneLoaded (UnityEngine.SceneManagement.Scene,UnityEngine.SceneManagement.LoadSceneMode) (at Assets/Eldoria/Scripts/Presentation/SlicePresenter.cs:48)
UnityEngine.SceneManagement.SceneManager:Internal_SceneLoaded (UnityEngine.SceneManagement.Scene,UnityEngine.SceneManagement.LoadSceneMode)

[Assets/Eldoria/Scripts/Presentation/ValoriaExternalAssetLibrary.cs line 45]

Loaded scene 'Assets/Eldoria/Scenes/Frontier.unity'
	Deserialize:            0.423 ms
	Integration:            189.949 ms
	Integration of assets:  0.001 ms
	Thread Wait Time:       19.157 ms
	Total Operation Time:   209.530 ms
Unloading 885 unused Assets / (1.2 MB). Loaded Objects now: 8876.
Memory consumption went from 369.6 MB to 368.4 MB.
Total: 9.662200 ms (FindLiveObjects: 0.678700 ms CreateObjectMapping: 0.342300 ms MarkObjects: 7.049000 ms  DeleteObjects: 1.591600 ms)

Unloading 68 Unused Serialized files (Serialized files now loaded: 0)
UnloadTime: 2.319000 ms
Serialized reference type mismatch: field 'StoneTower' expects 'GameObject' but the stored reference is a 'Prefab'. The reference is treated as null (and serialized as null in player builds). Re-assign the field in the Inspector to fix it.
UnityEngine.Debug:ExtractStackTraceNoAlloc (byte*,int,string)
UnityEngine.StackTraceUtility:ExtractStackTrace ()
UnityEngine.ResourcesAPIInternal:Load (string,System.Type)
UnityEngine.ResourcesAPI:Load (string,System.Type)
UnityEngine.Resources:Load (string,System.Type)
UnityEngine.Resources:Load<Eldoria.Presentation.ValoriaExternalAssetLibrary> (string)
Eldoria.Presentation.ValoriaExternalAssetLibrary:Load () (at Assets/Eldoria/Scripts/Presentation/ValoriaExternalAssetLibrary.cs:45)
Eldoria.Presentation.VisualWorld:Frontier (Eldoria.Domain.PlayerState) (at Assets/Eldoria/Scripts/Presentation/VisualWorld.cs:745)
Eldoria.Presentation.VisualWorld:Create (bool,Eldoria.Domain.PlayerState) (at Assets/Eldoria/Scripts/Presentation/VisualWorld.cs:81)
Eldoria.Presentation.SlicePresenter:OnSceneLoaded (UnityEngine.SceneManagement.Scene,UnityEngine.SceneManagement.LoadSceneMode) (at Assets/Eldoria/Scripts/Presentation/SlicePresenter.cs:48)
UnityEngine.SceneManagement.SceneManager:Internal_SceneLoaded (UnityEngine.SceneManagement.Scene,UnityEngine.SceneManagement.LoadSceneMode)

[Assets/Eldoria/Scripts/Presentation/ValoriaExternalAssetLibrary.cs line 45]

Serialized reference type mismatch: field 'StoneWall' expects 'GameObject' but the stored reference is a 'Prefab'. The reference is treated as null (and serialized as null in player builds). Re-assign the field in the Inspector to fix it.
UnityEngine.Debug:ExtractStackTraceNoAlloc (byte*,int,string)
UnityEngine.StackTraceUtility:ExtractStackTrace ()
UnityEngine.ResourcesAPIInternal:Load (string,System.Type)
UnityEngine.ResourcesAPI:Load (string,System.Type)
UnityEngine.Resources:Load (string,System.Type)
UnityEngine.Resources:Load<Eldoria.Presentation.ValoriaExternalAssetLibrary> (string)
Eldoria.Presentation.ValoriaExternalAssetLibrary:Load () (at Assets/Eldoria/Scripts/Presentation/ValoriaExternalAssetLibrary.cs:45)
Eldoria.Presentation.VisualWorld:Frontier (Eldoria.Domain.PlayerState) (at Assets/Eldoria/Scripts/Presentation/VisualWorld.cs:745)
Eldoria.Presentation.VisualWorld:Create (bool,Eldoria.Domain.PlayerState) (at Assets/Eldoria/Scripts/Presentation/VisualWorld.cs:81)
Eldoria.Presentation.SlicePresenter:OnSceneLoaded (UnityEngine.SceneManagement.Scene,UnityEngine.SceneManagement.LoadSceneMode) (at Assets/Eldoria/Scripts/Presentation/SlicePresenter.cs:48)
UnityEngine.SceneManagement.SceneManager:Internal_SceneLoaded (UnityEngine.SceneManagement.Scene,UnityEngine.SceneManagement.LoadSceneMode)

[Assets/Eldoria/Scripts/Presentation/ValoriaExternalAssetLibrary.cs line 45]

Serialized reference type mismatch: field 'StoneGate' expects 'GameObject' but the stored reference is a 'Prefab'. The reference is treated as null (and serialized as null in player builds). Re-assign the field in the Inspector to fix it.
UnityEngine.Debug:ExtractStackTraceNoAlloc (byte*,int,string)
UnityEngine.StackTraceUtility:ExtractStackTrace ()
UnityEngine.ResourcesAPIInternal:Load (string,System.Type)
UnityEngine.ResourcesAPI:Load (string,System.Type)
UnityEngine.Resources:Load (string,System.Type)
UnityEngine.Resources:Load<Eldoria.Presentation.ValoriaExternalAssetLibrary> (string)
Eldoria.Presentation.ValoriaExternalAssetLibrary:Load () (at Assets/Eldoria/Scripts/Presentation/ValoriaExternalAssetLibrary.cs:45)
Eldoria.Presentation.VisualWorld:Frontier (Eldoria.Domain.PlayerState) (at Assets/Eldoria/Scripts/Presentation/VisualWorld.cs:745)
Eldoria.Presentation.VisualWorld:Create (bool,Eldoria.Domain.PlayerState) (at Assets/Eldoria/Scripts/Presentation/VisualWorld.cs:81)
Eldoria.Presentation.SlicePresenter:OnSceneLoaded (UnityEngine.SceneManagement.Scene,UnityEngine.SceneManagement.LoadSceneMode) (at Assets/Eldoria/Scripts/Presentation/SlicePresenter.cs:48)
UnityEngine.SceneManagement.SceneManager:Internal_SceneLoaded (UnityEngine.SceneManagement.Scene,UnityEngine.SceneManagement.LoadSceneMode)

[Assets/Eldoria/Scripts/Presentation/ValoriaExternalAssetLibrary.cs line 45]

Serialized reference type mismatch: field 'LumberMill' expects 'GameObject' but the stored reference is a 'Prefab'. The reference is treated as null (and serialized as null in player builds). Re-assign the field in the Inspector to fix it.
UnityEngine.Debug:ExtractStackTraceNoAlloc (byte*,int,string)
UnityEngine.StackTraceUtility:ExtractStackTrace ()
UnityEngine.ResourcesAPIInternal:Load (string,System.Type)
UnityEngine.ResourcesAPI:Load (string,System.Type)
UnityEngine.Resources:Load (string,System.Type)
UnityEngine.Resources:Load<Eldoria.Presentation.ValoriaExternalAssetLibrary> (string)
Eldoria.Presentation.ValoriaExternalAssetLibrary:Load () (at Assets/Eldoria/Scripts/Presentation/ValoriaExternalAssetLibrary.cs:45)
Eldoria.Presentation.VisualWorld:Frontier (Eldoria.Domain.PlayerState) (at Assets/Eldoria/Scripts/Presentation/VisualWorld.cs:745)
Eldoria.Presentation.VisualWorld:Create (bool,Eldoria.Domain.PlayerState) (at Assets/Eldoria/Scripts/Presentation/VisualWorld.cs:81)
Eldoria.Presentation.SlicePresenter:OnSceneLoaded (UnityEngine.SceneManagement.Scene,UnityEngine.SceneManagement.LoadSceneMode) (at Assets/Eldoria/Scripts/Presentation/SlicePresenter.cs:48)
UnityEngine.SceneManagement.SceneManager:Internal_SceneLoaded (UnityEngine.SceneManagement.Scene,UnityEngine.SceneManagement.LoadSceneMode)

[Assets/Eldoria/Scripts/Presentation/ValoriaExternalAssetLibrary.cs line 45]

Loaded scene 'Assets/Eldoria/Scenes/Frontier.unity'
	Deserialize:            0.340 ms
	Integration:            189.118 ms
	Integration of assets:  0.001 ms
	Thread Wait Time:       3.777 ms
	Total Operation Time:   193.236 ms
Unloading 885 unused Assets / (1.2 MB). Loaded Objects now: 8806.
Memory consumption went from 370.0 MB to 368.8 MB.
Total: 9.120500 ms (FindLiveObjects: 0.604000 ms CreateObjectMapping: 0.301100 ms MarkObjects: 6.598300 ms  DeleteObjects: 1.616700 ms)

Unloading 68 Unused Serialized files (Serialized files now loaded: 0)
UnloadTime: 2.911300 ms
Serialized reference type mismatch: field 'StoneTower' expects 'GameObject' but the stored reference is a 'Prefab'. The reference is treated as null (and serialized as null in player builds). Re-assign the field in the Inspector to fix it.
UnityEngine.Debug:ExtractStackTraceNoAlloc (byte*,int,string)
UnityEngine.StackTraceUtility:ExtractStackTrace ()
UnityEngine.ResourcesAPIInternal:Load (string,System.Type)
UnityEngine.ResourcesAPI:Load (string,System.Type)
UnityEngine.Resources:Load (string,System.Type)
UnityEngine.Resources:Load<Eldoria.Presentation.ValoriaExternalAssetLibrary> (string)
Eldoria.Presentation.ValoriaExternalAssetLibrary:Load () (at Assets/Eldoria/Scripts/Presentation/ValoriaExternalAssetLibrary.cs:45)
Eldoria.Presentation.VisualWorld:PlayableDistrictSkeleton (Eldoria.Domain.PlayerState) (at Assets/Eldoria/Scripts/Presentation/VisualWorld.cs:117)
Eldoria.Presentation.VisualWorld:Create (bool,Eldoria.Domain.PlayerState) (at Assets/Eldoria/Scripts/Presentation/VisualWorld.cs:79)
Eldoria.Presentation.SlicePresenter:OnSceneLoaded (UnityEngine.SceneManagement.Scene,UnityEngine.SceneManagement.LoadSceneMode) (at Assets/Eldoria/Scripts/Presentation/SlicePresenter.cs:48)
UnityEngine.SceneManagement.SceneManager:Internal_SceneLoaded (UnityEngine.SceneManagement.Scene,UnityEngine.SceneManagement.LoadSceneMode)

[Assets/Eldoria/Scripts/Presentation/ValoriaExternalAssetLibrary.cs line 45]

Serialized reference type mismatch: field 'StoneWall' expects 'GameObject' but the stored reference is a 'Prefab'. The reference is treated as null (and serialized as null in player builds). Re-assign the field in the Inspector to fix it.
UnityEngine.Debug:ExtractStackTraceNoAlloc (byte*,int,string)
UnityEngine.StackTraceUtility:ExtractStackTrace ()
UnityEngine.ResourcesAPIInternal:Load (string,System.Type)
UnityEngine.ResourcesAPI:Load (string,System.Type)
UnityEngine.Resources:Load (string,System.Type)
UnityEngine.Resources:Load<Eldoria.Presentation.ValoriaExternalAssetLibrary> (string)
Eldoria.Presentation.ValoriaExternalAssetLibrary:Load () (at Assets/Eldoria/Scripts/Presentation/ValoriaExternalAssetLibrary.cs:45)
Eldoria.Presentation.VisualWorld:PlayableDistrictSkeleton (Eldoria.Domain.PlayerState) (at Assets/Eldoria/Scripts/Presentation/VisualWorld.cs:117)
Eldoria.Presentation.VisualWorld:Create (bool,Eldoria.Domain.PlayerState) (at Assets/Eldoria/Scripts/Presentation/VisualWorld.cs:79)
Eldoria.Presentation.SlicePresenter:OnSceneLoaded (UnityEngine.SceneManagement.Scene,UnityEngine.SceneManagement.LoadSceneMode) (at Assets/Eldoria/Scripts/Presentation/SlicePresenter.cs:48)
UnityEngine.SceneManagement.SceneManager:Internal_SceneLoaded (UnityEngine.SceneManagement.Scene,UnityEngine.SceneManagement.LoadSceneMode)

[Assets/Eldoria/Scripts/Presentation/ValoriaExternalAssetLibrary.cs line 45]

Serialized reference type mismatch: field 'StoneGate' expects 'GameObject' but the stored reference is a 'Prefab'. The reference is treated as null (and serialized as null in player builds). Re-assign the field in the Inspector to fix it.
UnityEngine.Debug:ExtractStackTraceNoAlloc (byte*,int,string)
UnityEngine.StackTraceUtility:ExtractStackTrace ()
UnityEngine.ResourcesAPIInternal:Load (string,System.Type)
UnityEngine.ResourcesAPI:Load (string,System.Type)
UnityEngine.Resources:Load (string,System.Type)
UnityEngine.Resources:Load<Eldoria.Presentation.ValoriaExternalAssetLibrary> (string)
Eldoria.Presentation.ValoriaExternalAssetLibrary:Load () (at Assets/Eldoria/Scripts/Presentation/ValoriaExternalAssetLibrary.cs:45)
Eldoria.Presentation.VisualWorld:PlayableDistrictSkeleton (Eldoria.Domain.PlayerState) (at Assets/Eldoria/Scripts/Presentation/VisualWorld.cs:117)
Eldoria.Presentation.VisualWorld:Create (bool,Eldoria.Domain.PlayerState) (at Assets/Eldoria/Scripts/Presentation/VisualWorld.cs:79)
Eldoria.Presentation.SlicePresenter:OnSceneLoaded (UnityEngine.SceneManagement.Scene,UnityEngine.SceneManagement.LoadSceneMode) (at Assets/Eldoria/Scripts/Presentation/SlicePresenter.cs:48)
UnityEngine.SceneManagement.SceneManager:Internal_SceneLoaded (UnityEngine.SceneManagement.Scene,UnityEngine.SceneManagement.LoadSceneMode)

[Assets/Eldoria/Scripts/Presentation/ValoriaExternalAssetLibrary.cs line 45]

Serialized reference type mismatch: field 'LumberMill' expects 'GameObject' but the stored reference is a 'Prefab'. The reference is treated as null (and serialized as null in player builds). Re-assign the field in the Inspector to fix it.
UnityEngine.Debug:ExtractStackTraceNoAlloc (byte*,int,string)
UnityEngine.StackTraceUtility:ExtractStackTrace ()
UnityEngine.ResourcesAPIInternal:Load (string,System.Type)
UnityEngine.ResourcesAPI:Load (string,System.Type)
UnityEngine.Resources:Load (string,System.Type)
UnityEngine.Resources:Load<Eldoria.Presentation.ValoriaExternalAssetLibrary> (string)
Eldoria.Presentation.ValoriaExternalAssetLibrary:Load () (at Assets/Eldoria/Scripts/Presentation/ValoriaExternalAssetLibrary.cs:45)
Eldoria.Presentation.VisualWorld:PlayableDistrictSkeleton (Eldoria.Domain.PlayerState) (at Assets/Eldoria/Scripts/Presentation/VisualWorld.cs:117)
Eldoria.Presentation.VisualWorld:Create (bool,Eldoria.Domain.PlayerState) (at Assets/Eldoria/Scripts/Presentation/VisualWorld.cs:79)
Eldoria.Presentation.SlicePresenter:OnSceneLoaded (UnityEngine.SceneManagement.Scene,UnityEngine.SceneManagement.LoadSceneMode) (at Assets/Eldoria/Scripts/Presentation/SlicePresenter.cs:48)
UnityEngine.SceneManagement.SceneManager:Internal_SceneLoaded (UnityEngine.SceneManagement.Scene,UnityEngine.SceneManagement.LoadSceneMode)

[Assets/Eldoria/Scripts/Presentation/ValoriaExternalAssetLibrary.cs line 45]

Loaded scene 'Assets/Eldoria/Scenes/Valoria.unity'
	Deserialize:            0.346 ms
	Integration:            416.049 ms
	Integration of assets:  0.001 ms
	Thread Wait Time:       16.574 ms
	Total Operation Time:   432.969 ms
Unloading 1107 unused Assets / (19.7 MB). Loaded Objects now: 15224.
Memory consumption went from 0.67 GB to 0.65 GB.
Total: 10.370600 ms (FindLiveObjects: 0.957100 ms CreateObjectMapping: 0.450400 ms MarkObjects: 7.012100 ms  DeleteObjects: 1.950500 ms)

Unloading 97 Unused Serialized files (Serialized files now loaded: 0)
UnloadTime: 6.450900 ms
Serialized reference type mismatch: field 'StoneTower' expects 'GameObject' but the stored reference is a 'Prefab'. The reference is treated as null (and serialized as null in player builds). Re-assign the field in the Inspector to fix it.
UnityEngine.Debug:ExtractStackTraceNoAlloc (byte*,int,string)
UnityEngine.StackTraceUtility:ExtractStackTrace ()
UnityEngine.ResourcesAPIInternal:Load (string,System.Type)
UnityEngine.ResourcesAPI:Load (string,System.Type)
UnityEngine.Resources:Load (string,System.Type)
UnityEngine.Resources:Load<Eldoria.Presentation.ValoriaExternalAssetLibrary> (string)
Eldoria.Presentation.ValoriaExternalAssetLibrary:Load () (at Assets/Eldoria/Scripts/Presentation/ValoriaExternalAssetLibrary.cs:45)
Eldoria.Presentation.VisualWorld:PlayableDistrictSkeleton (Eldoria.Domain.PlayerState) (at Assets/Eldoria/Scripts/Presentation/VisualWorld.cs:117)
Eldoria.Presentation.VisualWorld:Create (bool,Eldoria.Domain.PlayerState) (at Assets/Eldoria/Scripts/Presentation/VisualWorld.cs:79)
Eldoria.Presentation.SlicePresenter:OnSceneLoaded (UnityEngine.SceneManagement.Scene,UnityEngine.SceneManagement.LoadSceneMode) (at Assets/Eldoria/Scripts/Presentation/SlicePresenter.cs:48)
UnityEngine.SceneManagement.SceneManager:Internal_SceneLoaded (UnityEngine.SceneManagement.Scene,UnityEngine.SceneManagement.LoadSceneMode)

[Assets/Eldoria/Scripts/Presentation/ValoriaExternalAssetLibrary.cs line 45]

Serialized reference type mismatch: field 'StoneWall' expects 'GameObject' but the stored reference is a 'Prefab'. The reference is treated as null (and serialized as null in player builds). Re-assign the field in the Inspector to fix it.
UnityEngine.Debug:ExtractStackTraceNoAlloc (byte*,int,string)
UnityEngine.StackTraceUtility:ExtractStackTrace ()
UnityEngine.ResourcesAPIInternal:Load (string,System.Type)
UnityEngine.ResourcesAPI:Load (string,System.Type)
UnityEngine.Resources:Load (string,System.Type)
UnityEngine.Resources:Load<Eldoria.Presentation.ValoriaExternalAssetLibrary> (string)
Eldoria.Presentation.ValoriaExternalAssetLibrary:Load () (at Assets/Eldoria/Scripts/Presentation/ValoriaExternalAssetLibrary.cs:45)
Eldoria.Presentation.VisualWorld:PlayableDistrictSkeleton (Eldoria.Domain.PlayerState) (at Assets/Eldoria/Scripts/Presentation/VisualWorld.cs:117)
Eldoria.Presentation.VisualWorld:Create (bool,Eldoria.Domain.PlayerState) (at Assets/Eldoria/Scripts/Presentation/VisualWorld.cs:79)
Eldoria.Presentation.SlicePresenter:OnSceneLoaded (UnityEngine.SceneManagement.Scene,UnityEngine.SceneManagement.LoadSceneMode) (at Assets/Eldoria/Scripts/Presentation/SlicePresenter.cs:48)
UnityEngine.SceneManagement.SceneManager:Internal_SceneLoaded (UnityEngine.SceneManagement.Scene,UnityEngine.SceneManagement.LoadSceneMode)

[Assets/Eldoria/Scripts/Presentation/ValoriaExternalAssetLibrary.cs line 45]

Serialized reference type mismatch: field 'StoneGate' expects 'GameObject' but the stored reference is a 'Prefab'. The reference is treated as null (and serialized as null in player builds). Re-assign the field in the Inspector to fix it.
UnityEngine.Debug:ExtractStackTraceNoAlloc (byte*,int,string)
UnityEngine.StackTraceUtility:ExtractStackTrace ()
UnityEngine.ResourcesAPIInternal:Load (string,System.Type)
UnityEngine.ResourcesAPI:Load (string,System.Type)
UnityEngine.Resources:Load (string,System.Type)
UnityEngine.Resources:Load<Eldoria.Presentation.ValoriaExternalAssetLibrary> (string)
Eldoria.Presentation.ValoriaExternalAssetLibrary:Load () (at Assets/Eldoria/Scripts/Presentation/ValoriaExternalAssetLibrary.cs:45)
Eldoria.Presentation.VisualWorld:PlayableDistrictSkeleton (Eldoria.Domain.PlayerState) (at Assets/Eldoria/Scripts/Presentation/VisualWorld.cs:117)
Eldoria.Presentation.VisualWorld:Create (bool,Eldoria.Domain.PlayerState) (at Assets/Eldoria/Scripts/Presentation/VisualWorld.cs:79)
Eldoria.Presentation.SlicePresenter:OnSceneLoaded (UnityEngine.SceneManagement.Scene,UnityEngine.SceneManagement.LoadSceneMode) (at Assets/Eldoria/Scripts/Presentation/SlicePresenter.cs:48)
UnityEngine.SceneManagement.SceneManager:Internal_SceneLoaded (UnityEngine.SceneManagement.Scene,UnityEngine.SceneManagement.LoadSceneMode)

[Assets/Eldoria/Scripts/Presentation/ValoriaExternalAssetLibrary.cs line 45]

Serialized reference type mismatch: field 'LumberMill' expects 'GameObject' but the stored reference is a 'Prefab'. The reference is treated as null (and serialized as null in player builds). Re-assign the field in the Inspector to fix it.
UnityEngine.Debug:ExtractStackTraceNoAlloc (byte*,int,string)
UnityEngine.StackTraceUtility:ExtractStackTrace ()
UnityEngine.ResourcesAPIInternal:Load (string,System.Type)
UnityEngine.ResourcesAPI:Load (string,System.Type)
UnityEngine.Resources:Load (string,System.Type)
UnityEngine.Resources:Load<Eldoria.Presentation.ValoriaExternalAssetLibrary> (string)
Eldoria.Presentation.ValoriaExternalAssetLibrary:Load () (at Assets/Eldoria/Scripts/Presentation/ValoriaExternalAssetLibrary.cs:45)
Eldoria.Presentation.VisualWorld:PlayableDistrictSkeleton (Eldoria.Domain.PlayerState) (at Assets/Eldoria/Scripts/Presentation/VisualWorld.cs:117)
Eldoria.Presentation.VisualWorld:Create (bool,Eldoria.Domain.PlayerState) (at Assets/Eldoria/Scripts/Presentation/VisualWorld.cs:79)
Eldoria.Presentation.SlicePresenter:OnSceneLoaded (UnityEngine.SceneManagement.Scene,UnityEngine.SceneManagement.LoadSceneMode) (at Assets/Eldoria/Scripts/Presentation/SlicePresenter.cs:48)
UnityEngine.SceneManagement.SceneManager:Internal_SceneLoaded (UnityEngine.SceneManagement.Scene,UnityEngine.SceneManagement.LoadSceneMode)

[Assets/Eldoria/Scripts/Presentation/ValoriaExternalAssetLibrary.cs line 45]

Loaded scene 'Assets/Eldoria/Scenes/Valoria.unity'
	Deserialize:            0.342 ms
	Integration:            312.371 ms
	Integration of assets:  0.001 ms
	Thread Wait Time:       19.616 ms
	Total Operation Time:   332.329 ms
Unloading 1598 unused Assets / (16.4 MB). Loaded Objects now: 15205.
Memory consumption went from 0.63 GB to 0.62 GB.
Total: 13.163300 ms (FindLiveObjects: 0.970500 ms CreateObjectMapping: 0.524000 ms MarkObjects: 7.198000 ms  DeleteObjects: 4.470400 ms)

Unloading 82 Unused Serialized files (Serialized files now loaded: 0)
UnloadTime: 6.440100 ms
Serialized reference type mismatch: field 'StoneTower' expects 'GameObject' but the stored reference is a 'Prefab'. The reference is treated as null (and serialized as null in player builds). Re-assign the field in the Inspector to fix it.
UnityEngine.Debug:ExtractStackTraceNoAlloc (byte*,int,string)
UnityEngine.StackTraceUtility:ExtractStackTrace ()
UnityEngine.ResourcesAPIInternal:Load (string,System.Type)
UnityEngine.ResourcesAPI:Load (string,System.Type)
UnityEngine.Resources:Load (string,System.Type)
UnityEngine.Resources:Load<Eldoria.Presentation.ValoriaExternalAssetLibrary> (string)
Eldoria.Presentation.ValoriaExternalAssetLibrary:Load () (at Assets/Eldoria/Scripts/Presentation/ValoriaExternalAssetLibrary.cs:45)
Eldoria.Presentation.VisualWorld:PlayableDistrictSkeleton (Eldoria.Domain.PlayerState) (at Assets/Eldoria/Scripts/Presentation/VisualWorld.cs:117)
Eldoria.Presentation.VisualWorld:Create (bool,Eldoria.Domain.PlayerState) (at Assets/Eldoria/Scripts/Presentation/VisualWorld.cs:79)
Eldoria.Presentation.SlicePresenter:OnSceneLoaded (UnityEngine.SceneManagement.Scene,UnityEngine.SceneManagement.LoadSceneMode) (at Assets/Eldoria/Scripts/Presentation/SlicePresenter.cs:48)
UnityEngine.SceneManagement.SceneManager:Internal_SceneLoaded (UnityEngine.SceneManagement.Scene,UnityEngine.SceneManagement.LoadSceneMode)

[Assets/Eldoria/Scripts/Presentation/ValoriaExternalAssetLibrary.cs line 45]

Serialized reference type mismatch: field 'StoneWall' expects 'GameObject' but the stored reference is a 'Prefab'. The reference is treated as null (and serialized as null in player builds). Re-assign the field in the Inspector to fix it.
UnityEngine.Debug:ExtractStackTraceNoAlloc (byte*,int,string)
UnityEngine.StackTraceUtility:ExtractStackTrace ()
UnityEngine.ResourcesAPIInternal:Load (string,System.Type)
UnityEngine.ResourcesAPI:Load (string,System.Type)
UnityEngine.Resources:Load (string,System.Type)
UnityEngine.Resources:Load<Eldoria.Presentation.ValoriaExternalAssetLibrary> (string)
Eldoria.Presentation.ValoriaExternalAssetLibrary:Load () (at Assets/Eldoria/Scripts/Presentation/ValoriaExternalAssetLibrary.cs:45)
Eldoria.Presentation.VisualWorld:PlayableDistrictSkeleton (Eldoria.Domain.PlayerState) (at Assets/Eldoria/Scripts/Presentation/VisualWorld.cs:117)
Eldoria.Presentation.VisualWorld:Create (bool,Eldoria.Domain.PlayerState) (at Assets/Eldoria/Scripts/Presentation/VisualWorld.cs:79)
Eldoria.Presentation.SlicePresenter:OnSceneLoaded (UnityEngine.SceneManagement.Scene,UnityEngine.SceneManagement.LoadSceneMode) (at Assets/Eldoria/Scripts/Presentation/SlicePresenter.cs:48)
UnityEngine.SceneManagement.SceneManager:Internal_SceneLoaded (UnityEngine.SceneManagement.Scene,UnityEngine.SceneManagement.LoadSceneMode)

[Assets/Eldoria/Scripts/Presentation/ValoriaExternalAssetLibrary.cs line 45]

Serialized reference type mismatch: field 'StoneGate' expects 'GameObject' but the stored reference is a 'Prefab'. The reference is treated as null (and serialized as null in player builds). Re-assign the field in the Inspector to fix it.
UnityEngine.Debug:ExtractStackTraceNoAlloc (byte*,int,string)
UnityEngine.StackTraceUtility:ExtractStackTrace ()
UnityEngine.ResourcesAPIInternal:Load (string,System.Type)
UnityEngine.ResourcesAPI:Load (string,System.Type)
UnityEngine.Resources:Load (string,System.Type)
UnityEngine.Resources:Load<Eldoria.Presentation.ValoriaExternalAssetLibrary> (string)
Eldoria.Presentation.ValoriaExternalAssetLibrary:Load () (at Assets/Eldoria/Scripts/Presentation/ValoriaExternalAssetLibrary.cs:45)
Eldoria.Presentation.VisualWorld:PlayableDistrictSkeleton (Eldoria.Domain.PlayerState) (at Assets/Eldoria/Scripts/Presentation/VisualWorld.cs:117)
Eldoria.Presentation.VisualWorld:Create (bool,Eldoria.Domain.PlayerState) (at Assets/Eldoria/Scripts/Presentation/VisualWorld.cs:79)
Eldoria.Presentation.SlicePresenter:OnSceneLoaded (UnityEngine.SceneManagement.Scene,UnityEngine.SceneManagement.LoadSceneMode) (at Assets/Eldoria/Scripts/Presentation/SlicePresenter.cs:48)
UnityEngine.SceneManagement.SceneManager:Internal_SceneLoaded (UnityEngine.SceneManagement.Scene,UnityEngine.SceneManagement.LoadSceneMode)

[Assets/Eldoria/Scripts/Presentation/ValoriaExternalAssetLibrary.cs line 45]

Serialized reference type mismatch: field 'LumberMill' expects 'GameObject' but the stored reference is a 'Prefab'. The reference is treated as null (and serialized as null in player builds). Re-assign the field in the Inspector to fix it.
UnityEngine.Debug:ExtractStackTraceNoAlloc (byte*,int,string)
UnityEngine.StackTraceUtility:ExtractStackTrace ()
UnityEngine.ResourcesAPIInternal:Load (string,System.Type)
UnityEngine.ResourcesAPI:Load (string,System.Type)
UnityEngine.Resources:Load (string,System.Type)
UnityEngine.Resources:Load<Eldoria.Presentation.ValoriaExternalAssetLibrary> (string)
Eldoria.Presentation.ValoriaExternalAssetLibrary:Load () (at Assets/Eldoria/Scripts/Presentation/ValoriaExternalAssetLibrary.cs:45)
Eldoria.Presentation.VisualWorld:PlayableDistrictSkeleton (Eldoria.Domain.PlayerState) (at Assets/Eldoria/Scripts/Presentation/VisualWorld.cs:117)
Eldoria.Presentation.VisualWorld:Create (bool,Eldoria.Domain.PlayerState) (at Assets/Eldoria/Scripts/Presentation/VisualWorld.cs:79)
Eldoria.Presentation.SlicePresenter:OnSceneLoaded (UnityEngine.SceneManagement.Scene,UnityEngine.SceneManagement.LoadSceneMode) (at Assets/Eldoria/Scripts/Presentation/SlicePresenter.cs:48)
UnityEngine.SceneManagement.SceneManager:Internal_SceneLoaded (UnityEngine.SceneManagement.Scene,UnityEngine.SceneManagement.LoadSceneMode)

[Assets/Eldoria/Scripts/Presentation/ValoriaExternalAssetLibrary.cs line 45]

Loaded scene 'Assets/Eldoria/Scenes/Valoria.unity'
	Deserialize:            0.329 ms
	Integration:            316.966 ms
	Integration of assets:  0.001 ms
	Thread Wait Time:       18.797 ms
	Total Operation Time:   336.093 ms
Unloading 1598 unused Assets / (21.4 MB). Loaded Objects now: 15205.
Memory consumption went from 0.63 GB to 0.61 GB.
Total: 13.420500 ms (FindLiveObjects: 0.903500 ms CreateObjectMapping: 0.482300 ms MarkObjects: 7.533500 ms  DeleteObjects: 4.500700 ms)

Unloading 82 Unused Serialized files (Serialized files now loaded: 0)
UnloadTime: 5.189500 ms
Serialized reference type mismatch: field 'StoneTower' expects 'GameObject' but the stored reference is a 'Prefab'. The reference is treated as null (and serialized as null in player builds). Re-assign the field in the Inspector to fix it.
UnityEngine.Debug:ExtractStackTraceNoAlloc (byte*,int,string)
UnityEngine.StackTraceUtility:ExtractStackTrace ()
UnityEngine.ResourcesAPIInternal:Load (string,System.Type)
UnityEngine.ResourcesAPI:Load (string,System.Type)
UnityEngine.Resources:Load (string,System.Type)
UnityEngine.Resources:Load<Eldoria.Presentation.ValoriaExternalAssetLibrary> (string)
Eldoria.Presentation.ValoriaExternalAssetLibrary:Load () (at Assets/Eldoria/Scripts/Presentation/ValoriaExternalAssetLibrary.cs:45)
Eldoria.Presentation.VisualWorld:PlayableDistrictSkeleton (Eldoria.Domain.PlayerState) (at Assets/Eldoria/Scripts/Presentation/VisualWorld.cs:117)
Eldoria.Presentation.VisualWorld:Create (bool,Eldoria.Domain.PlayerState) (at Assets/Eldoria/Scripts/Presentation/VisualWorld.cs:79)
Eldoria.Presentation.SlicePresenter:OnSceneLoaded (UnityEngine.SceneManagement.Scene,UnityEngine.SceneManagement.LoadSceneMode) (at Assets/Eldoria/Scripts/Presentation/SlicePresenter.cs:48)
UnityEngine.SceneManagement.SceneManager:Internal_SceneLoaded (UnityEngine.SceneManagement.Scene,UnityEngine.SceneManagement.LoadSceneMode)

[Assets/Eldoria/Scripts/Presentation/ValoriaExternalAssetLibrary.cs line 45]

Serialized reference type mismatch: field 'StoneWall' expects 'GameObject' but the stored reference is a 'Prefab'. The reference is treated as null (and serialized as null in player builds). Re-assign the field in the Inspector to fix it.
UnityEngine.Debug:ExtractStackTraceNoAlloc (byte*,int,string)
UnityEngine.StackTraceUtility:ExtractStackTrace ()
UnityEngine.ResourcesAPIInternal:Load (string,System.Type)
UnityEngine.ResourcesAPI:Load (string,System.Type)
UnityEngine.Resources:Load (string,System.Type)
UnityEngine.Resources:Load<Eldoria.Presentation.ValoriaExternalAssetLibrary> (string)
Eldoria.Presentation.ValoriaExternalAssetLibrary:Load () (at Assets/Eldoria/Scripts/Presentation/ValoriaExternalAssetLibrary.cs:45)
Eldoria.Presentation.VisualWorld:PlayableDistrictSkeleton (Eldoria.Domain.PlayerState) (at Assets/Eldoria/Scripts/Presentation/VisualWorld.cs:117)
Eldoria.Presentation.VisualWorld:Create (bool,Eldoria.Domain.PlayerState) (at Assets/Eldoria/Scripts/Presentation/VisualWorld.cs:79)
Eldoria.Presentation.SlicePresenter:OnSceneLoaded (UnityEngine.SceneManagement.Scene,UnityEngine.SceneManagement.LoadSceneMode) (at Assets/Eldoria/Scripts/Presentation/SlicePresenter.cs:48)
UnityEngine.SceneManagement.SceneManager:Internal_SceneLoaded (UnityEngine.SceneManagement.Scene,UnityEngine.SceneManagement.LoadSceneMode)

[Assets/Eldoria/Scripts/Presentation/ValoriaExternalAssetLibrary.cs line 45]

Serialized reference type mismatch: field 'StoneGate' expects 'GameObject' but the stored reference is a 'Prefab'. The reference is treated as null (and serialized as null in player builds). Re-assign the field in the Inspector to fix it.
UnityEngine.Debug:ExtractStackTraceNoAlloc (byte*,int,string)
UnityEngine.StackTraceUtility:ExtractStackTrace ()
UnityEngine.ResourcesAPIInternal:Load (string,System.Type)
UnityEngine.ResourcesAPI:Load (string,System.Type)
UnityEngine.Resources:Load (string,System.Type)
UnityEngine.Resources:Load<Eldoria.Presentation.ValoriaExternalAssetLibrary> (string)
Eldoria.Presentation.ValoriaExternalAssetLibrary:Load () (at Assets/Eldoria/Scripts/Presentation/ValoriaExternalAssetLibrary.cs:45)
Eldoria.Presentation.VisualWorld:PlayableDistrictSkeleton (Eldoria.Domain.PlayerState) (at Assets/Eldoria/Scripts/Presentation/VisualWorld.cs:117)
Eldoria.Presentation.VisualWorld:Create (bool,Eldoria.Domain.PlayerState) (at Assets/Eldoria/Scripts/Presentation/VisualWorld.cs:79)
Eldoria.Presentation.SlicePresenter:OnSceneLoaded (UnityEngine.SceneManagement.Scene,UnityEngine.SceneManagement.LoadSceneMode) (at Assets/Eldoria/Scripts/Presentation/SlicePresenter.cs:48)
UnityEngine.SceneManagement.SceneManager:Internal_SceneLoaded (UnityEngine.SceneManagement.Scene,UnityEngine.SceneManagement.LoadSceneMode)

[Assets/Eldoria/Scripts/Presentation/ValoriaExternalAssetLibrary.cs line 45]

Serialized reference type mismatch: field 'LumberMill' expects 'GameObject' but the stored reference is a 'Prefab'. The reference is treated as null (and serialized as null in player builds). Re-assign the field in the Inspector to fix it.
UnityEngine.Debug:ExtractStackTraceNoAlloc (byte*,int,string)
UnityEngine.StackTraceUtility:ExtractStackTrace ()
UnityEngine.ResourcesAPIInternal:Load (string,System.Type)
UnityEngine.ResourcesAPI:Load (string,System.Type)
UnityEngine.Resources:Load (string,System.Type)
UnityEngine.Resources:Load<Eldoria.Presentation.ValoriaExternalAssetLibrary> (string)
Eldoria.Presentation.ValoriaExternalAssetLibrary:Load () (at Assets/Eldoria/Scripts/Presentation/ValoriaExternalAssetLibrary.cs:45)
Eldoria.Presentation.VisualWorld:PlayableDistrictSkeleton (Eldoria.Domain.PlayerState) (at Assets/Eldoria/Scripts/Presentation/VisualWorld.cs:117)
Eldoria.Presentation.VisualWorld:Create (bool,Eldoria.Domain.PlayerState) (at Assets/Eldoria/Scripts/Presentation/VisualWorld.cs:79)
Eldoria.Presentation.SlicePresenter:OnSceneLoaded (UnityEngine.SceneManagement.Scene,UnityEngine.SceneManagement.LoadSceneMode) (at Assets/Eldoria/Scripts/Presentation/SlicePresenter.cs:48)
UnityEngine.SceneManagement.SceneManager:Internal_SceneLoaded (UnityEngine.SceneManagement.Scene,UnityEngine.SceneManagement.LoadSceneMode)

[Assets/Eldoria/Scripts/Presentation/ValoriaExternalAssetLibrary.cs line 45]

Loaded scene 'Assets/Eldoria/Scenes/Valoria.unity'
	Deserialize:            0.355 ms
	Integration:            317.857 ms
	Integration of assets:  0.001 ms
	Thread Wait Time:       5.005 ms
	Total Operation Time:   323.218 ms
Unloading 1598 unused Assets / (21.4 MB). Loaded Objects now: 15201.
Memory consumption went from 0.63 GB to 0.61 GB.
Total: 12.938100 ms (FindLiveObjects: 0.962700 ms CreateObjectMapping: 0.517700 ms MarkObjects: 6.912600 ms  DeleteObjects: 4.544700 ms)

Unloading 82 Unused Serialized files (Serialized files now loaded: 0)
UnloadTime: 6.107300 ms
Serialized reference type mismatch: field 'StoneTower' expects 'GameObject' but the stored reference is a 'Prefab'. The reference is treated as null (and serialized as null in player builds). Re-assign the field in the Inspector to fix it.
UnityEngine.Debug:ExtractStackTraceNoAlloc (byte*,int,string)
UnityEngine.StackTraceUtility:ExtractStackTrace ()
UnityEngine.ResourcesAPIInternal:Load (string,System.Type)
UnityEngine.ResourcesAPI:Load (string,System.Type)
UnityEngine.Resources:Load (string,System.Type)
UnityEngine.Resources:Load<Eldoria.Presentation.ValoriaExternalAssetLibrary> (string)
Eldoria.Presentation.ValoriaExternalAssetLibrary:Load () (at Assets/Eldoria/Scripts/Presentation/ValoriaExternalAssetLibrary.cs:45)
Eldoria.Presentation.VisualWorld:Frontier (Eldoria.Domain.PlayerState) (at Assets/Eldoria/Scripts/Presentation/VisualWorld.cs:745)
Eldoria.Presentation.VisualWorld:Create (bool,Eldoria.Domain.PlayerState) (at Assets/Eldoria/Scripts/Presentation/VisualWorld.cs:81)
Eldoria.Presentation.SlicePresenter:OnSceneLoaded (UnityEngine.SceneManagement.Scene,UnityEngine.SceneManagement.LoadSceneMode) (at Assets/Eldoria/Scripts/Presentation/SlicePresenter.cs:48)
UnityEngine.SceneManagement.SceneManager:Internal_SceneLoaded (UnityEngine.SceneManagement.Scene,UnityEngine.SceneManagement.LoadSceneMode)

[Assets/Eldoria/Scripts/Presentation/ValoriaExternalAssetLibrary.cs line 45]

Serialized reference type mismatch: field 'StoneWall' expects 'GameObject' but the stored reference is a 'Prefab'. The reference is treated as null (and serialized as null in player builds). Re-assign the field in the Inspector to fix it.
UnityEngine.Debug:ExtractStackTraceNoAlloc (byte*,int,string)
UnityEngine.StackTraceUtility:ExtractStackTrace ()
UnityEngine.ResourcesAPIInternal:Load (string,System.Type)
UnityEngine.ResourcesAPI:Load (string,System.Type)
UnityEngine.Resources:Load (string,System.Type)
UnityEngine.Resources:Load<Eldoria.Presentation.ValoriaExternalAssetLibrary> (string)
Eldoria.Presentation.ValoriaExternalAssetLibrary:Load () (at Assets/Eldoria/Scripts/Presentation/ValoriaExternalAssetLibrary.cs:45)
Eldoria.Presentation.VisualWorld:Frontier (Eldoria.Domain.PlayerState) (at Assets/Eldoria/Scripts/Presentation/VisualWorld.cs:745)
Eldoria.Presentation.VisualWorld:Create (bool,Eldoria.Domain.PlayerState) (at Assets/Eldoria/Scripts/Presentation/VisualWorld.cs:81)
Eldoria.Presentation.SlicePresenter:OnSceneLoaded (UnityEngine.SceneManagement.Scene,UnityEngine.SceneManagement.LoadSceneMode) (at Assets/Eldoria/Scripts/Presentation/SlicePresenter.cs:48)
UnityEngine.SceneManagement.SceneManager:Internal_SceneLoaded (UnityEngine.SceneManagement.Scene,UnityEngine.SceneManagement.LoadSceneMode)

[Assets/Eldoria/Scripts/Presentation/ValoriaExternalAssetLibrary.cs line 45]

Serialized reference type mismatch: field 'StoneGate' expects 'GameObject' but the stored reference is a 'Prefab'. The reference is treated as null (and serialized as null in player builds). Re-assign the field in the Inspector to fix it.
UnityEngine.Debug:ExtractStackTraceNoAlloc (byte*,int,string)
UnityEngine.StackTraceUtility:ExtractStackTrace ()
UnityEngine.ResourcesAPIInternal:Load (string,System.Type)
UnityEngine.ResourcesAPI:Load (string,System.Type)
UnityEngine.Resources:Load (string,System.Type)
UnityEngine.Resources:Load<Eldoria.Presentation.ValoriaExternalAssetLibrary> (string)
Eldoria.Presentation.ValoriaExternalAssetLibrary:Load () (at Assets/Eldoria/Scripts/Presentation/ValoriaExternalAssetLibrary.cs:45)
Eldoria.Presentation.VisualWorld:Frontier (Eldoria.Domain.PlayerState) (at Assets/Eldoria/Scripts/Presentation/VisualWorld.cs:745)
Eldoria.Presentation.VisualWorld:Create (bool,Eldoria.Domain.PlayerState) (at Assets/Eldoria/Scripts/Presentation/VisualWorld.cs:81)
Eldoria.Presentation.SlicePresenter:OnSceneLoaded (UnityEngine.SceneManagement.Scene,UnityEngine.SceneManagement.LoadSceneMode) (at Assets/Eldoria/Scripts/Presentation/SlicePresenter.cs:48)
UnityEngine.SceneManagement.SceneManager:Internal_SceneLoaded (UnityEngine.SceneManagement.Scene,UnityEngine.SceneManagement.LoadSceneMode)

[Assets/Eldoria/Scripts/Presentation/ValoriaExternalAssetLibrary.cs line 45]

Serialized reference type mismatch: field 'LumberMill' expects 'GameObject' but the stored reference is a 'Prefab'. The reference is treated as null (and serialized as null in player builds). Re-assign the field in the Inspector to fix it.
UnityEngine.Debug:ExtractStackTraceNoAlloc (byte*,int,string)
UnityEngine.StackTraceUtility:ExtractStackTrace ()
UnityEngine.ResourcesAPIInternal:Load (string,System.Type)
UnityEngine.ResourcesAPI:Load (string,System.Type)
UnityEngine.Resources:Load (string,System.Type)
UnityEngine.Resources:Load<Eldoria.Presentation.ValoriaExternalAssetLibrary> (string)
Eldoria.Presentation.ValoriaExternalAssetLibrary:Load () (at Assets/Eldoria/Scripts/Presentation/ValoriaExternalAssetLibrary.cs:45)
Eldoria.Presentation.VisualWorld:Frontier (Eldoria.Domain.PlayerState) (at Assets/Eldoria/Scripts/Presentation/VisualWorld.cs:745)
Eldoria.Presentation.VisualWorld:Create (bool,Eldoria.Domain.PlayerState) (at Assets/Eldoria/Scripts/Presentation/VisualWorld.cs:81)
Eldoria.Presentation.SlicePresenter:OnSceneLoaded (UnityEngine.SceneManagement.Scene,UnityEngine.SceneManagement.LoadSceneMode) (at Assets/Eldoria/Scripts/Presentation/SlicePresenter.cs:48)
UnityEngine.SceneManagement.SceneManager:Internal_SceneLoaded (UnityEngine.SceneManagement.Scene,UnityEngine.SceneManagement.LoadSceneMode)

[Assets/Eldoria/Scripts/Presentation/ValoriaExternalAssetLibrary.cs line 45]

Loaded scene 'Assets/Eldoria/Scenes/Frontier.unity'
	Deserialize:            0.328 ms
	Integration:            210.556 ms
	Integration of assets:  0.001 ms
	Thread Wait Time:       21.187 ms
	Total Operation Time:   232.072 ms
Unloading 1473 unused Assets / (139.6 MB). Loaded Objects now: 8795.
Memory consumption went from 0.64 GB to 0.50 GB.
Total: 17.372900 ms (FindLiveObjects: 0.663400 ms CreateObjectMapping: 0.355900 ms MarkObjects: 6.724700 ms  DeleteObjects: 9.628200 ms)

Unloading 66 Unused Serialized files (Serialized files now loaded: 0)
UnloadTime: 2.050200 ms
Serialized reference type mismatch: field 'StoneTower' expects 'GameObject' but the stored reference is a 'Prefab'. The reference is treated as null (and serialized as null in player builds). Re-assign the field in the Inspector to fix it.
UnityEngine.Debug:ExtractStackTraceNoAlloc (byte*,int,string)
UnityEngine.StackTraceUtility:ExtractStackTrace ()
UnityEngine.ResourcesAPIInternal:Load (string,System.Type)
UnityEngine.ResourcesAPI:Load (string,System.Type)
UnityEngine.Resources:Load (string,System.Type)
UnityEngine.Resources:Load<Eldoria.Presentation.ValoriaExternalAssetLibrary> (string)
Eldoria.Presentation.ValoriaExternalAssetLibrary:Load () (at Assets/Eldoria/Scripts/Presentation/ValoriaExternalAssetLibrary.cs:45)
Eldoria.Presentation.VisualWorld:Frontier (Eldoria.Domain.PlayerState) (at Assets/Eldoria/Scripts/Presentation/VisualWorld.cs:745)
Eldoria.Presentation.VisualWorld:Create (bool,Eldoria.Domain.PlayerState) (at Assets/Eldoria/Scripts/Presentation/VisualWorld.cs:81)
Eldoria.Presentation.SlicePresenter:OnSceneLoaded (UnityEngine.SceneManagement.Scene,UnityEngine.SceneManagement.LoadSceneMode) (at Assets/Eldoria/Scripts/Presentation/SlicePresenter.cs:48)
UnityEngine.SceneManagement.SceneManager:Internal_SceneLoaded (UnityEngine.SceneManagement.Scene,UnityEngine.SceneManagement.LoadSceneMode)

[Assets/Eldoria/Scripts/Presentation/ValoriaExternalAssetLibrary.cs line 45]

Serialized reference type mismatch: field 'StoneWall' expects 'GameObject' but the stored reference is a 'Prefab'. The reference is treated as null (and serialized as null in player builds). Re-assign the field in the Inspector to fix it.
UnityEngine.Debug:ExtractStackTraceNoAlloc (byte*,int,string)
UnityEngine.StackTraceUtility:ExtractStackTrace ()
UnityEngine.ResourcesAPIInternal:Load (string,System.Type)
UnityEngine.ResourcesAPI:Load (string,System.Type)
UnityEngine.Resources:Load (string,System.Type)
UnityEngine.Resources:Load<Eldoria.Presentation.ValoriaExternalAssetLibrary> (string)
Eldoria.Presentation.ValoriaExternalAssetLibrary:Load () (at Assets/Eldoria/Scripts/Presentation/ValoriaExternalAssetLibrary.cs:45)
Eldoria.Presentation.VisualWorld:Frontier (Eldoria.Domain.PlayerState) (at Assets/Eldoria/Scripts/Presentation/VisualWorld.cs:745)
Eldoria.Presentation.VisualWorld:Create (bool,Eldoria.Domain.PlayerState) (at Assets/Eldoria/Scripts/Presentation/VisualWorld.cs:81)
Eldoria.Presentation.SlicePresenter:OnSceneLoaded (UnityEngine.SceneManagement.Scene,UnityEngine.SceneManagement.LoadSceneMode) (at Assets/Eldoria/Scripts/Presentation/SlicePresenter.cs:48)
UnityEngine.SceneManagement.SceneManager:Internal_SceneLoaded (UnityEngine.SceneManagement.Scene,UnityEngine.SceneManagement.LoadSceneMode)

[Assets/Eldoria/Scripts/Presentation/ValoriaExternalAssetLibrary.cs line 45]

Serialized reference type mismatch: field 'StoneGate' expects 'GameObject' but the stored reference is a 'Prefab'. The reference is treated as null (and serialized as null in player builds). Re-assign the field in the Inspector to fix it.
UnityEngine.Debug:ExtractStackTraceNoAlloc (byte*,int,string)
UnityEngine.StackTraceUtility:ExtractStackTrace ()
UnityEngine.ResourcesAPIInternal:Load (string,System.Type)
UnityEngine.ResourcesAPI:Load (string,System.Type)
UnityEngine.Resources:Load (string,System.Type)
UnityEngine.Resources:Load<Eldoria.Presentation.ValoriaExternalAssetLibrary> (string)
Eldoria.Presentation.ValoriaExternalAssetLibrary:Load () (at Assets/Eldoria/Scripts/Presentation/ValoriaExternalAssetLibrary.cs:45)
Eldoria.Presentation.VisualWorld:Frontier (Eldoria.Domain.PlayerState) (at Assets/Eldoria/Scripts/Presentation/VisualWorld.cs:745)
Eldoria.Presentation.VisualWorld:Create (bool,Eldoria.Domain.PlayerState) (at Assets/Eldoria/Scripts/Presentation/VisualWorld.cs:81)
Eldoria.Presentation.SlicePresenter:OnSceneLoaded (UnityEngine.SceneManagement.Scene,UnityEngine.SceneManagement.LoadSceneMode) (at Assets/Eldoria/Scripts/Presentation/SlicePresenter.cs:48)
UnityEngine.SceneManagement.SceneManager:Internal_SceneLoaded (UnityEngine.SceneManagement.Scene,UnityEngine.SceneManagement.LoadSceneMode)

[Assets/Eldoria/Scripts/Presentation/ValoriaExternalAssetLibrary.cs line 45]

Serialized reference type mismatch: field 'LumberMill' expects 'GameObject' but the stored reference is a 'Prefab'. The reference is treated as null (and serialized as null in player builds). Re-assign the field in the Inspector to fix it.
UnityEngine.Debug:ExtractStackTraceNoAlloc (byte*,int,string)
UnityEngine.StackTraceUtility:ExtractStackTrace ()
UnityEngine.ResourcesAPIInternal:Load (string,System.Type)
UnityEngine.ResourcesAPI:Load (string,System.Type)
UnityEngine.Resources:Load (string,System.Type)
UnityEngine.Resources:Load<Eldoria.Presentation.ValoriaExternalAssetLibrary> (string)
Eldoria.Presentation.ValoriaExternalAssetLibrary:Load () (at Assets/Eldoria/Scripts/Presentation/ValoriaExternalAssetLibrary.cs:45)
Eldoria.Presentation.VisualWorld:Frontier (Eldoria.Domain.PlayerState) (at Assets/Eldoria/Scripts/Presentation/VisualWorld.cs:745)
Eldoria.Presentation.VisualWorld:Create (bool,Eldoria.Domain.PlayerState) (at Assets/Eldoria/Scripts/Presentation/VisualWorld.cs:81)
Eldoria.Presentation.SlicePresenter:OnSceneLoaded (UnityEngine.SceneManagement.Scene,UnityEngine.SceneManagement.LoadSceneMode) (at Assets/Eldoria/Scripts/Presentation/SlicePresenter.cs:48)
UnityEngine.SceneManagement.SceneManager:Internal_SceneLoaded (UnityEngine.SceneManagement.Scene,UnityEngine.SceneManagement.LoadSceneMode)

[Assets/Eldoria/Scripts/Presentation/ValoriaExternalAssetLibrary.cs line 45]

Loaded scene 'Assets/Eldoria/Scenes/Frontier.unity'
	Deserialize:            0.353 ms
	Integration:            192.956 ms
	Integration of assets:  0.001 ms
	Thread Wait Time:       13.597 ms
	Total Operation Time:   206.907 ms
Unloading 885 unused Assets / (1.2 MB). Loaded Objects now: 8791.
Memory consumption went from 369.9 MB to 368.7 MB.
Total: 9.359400 ms (FindLiveObjects: 0.586600 ms CreateObjectMapping: 0.299700 ms MarkObjects: 6.809100 ms  DeleteObjects: 1.663600 ms)

Unloading 68 Unused Serialized files (Serialized files now loaded: 0)
UnloadTime: 3.123900 ms
Serialized reference type mismatch: field 'StoneTower' expects 'GameObject' but the stored reference is a 'Prefab'. The reference is treated as null (and serialized as null in player builds). Re-assign the field in the Inspector to fix it.
UnityEngine.Debug:ExtractStackTraceNoAlloc (byte*,int,string)
UnityEngine.StackTraceUtility:ExtractStackTrace ()
UnityEngine.ResourcesAPIInternal:Load (string,System.Type)
UnityEngine.ResourcesAPI:Load (string,System.Type)
UnityEngine.Resources:Load (string,System.Type)
UnityEngine.Resources:Load<Eldoria.Presentation.ValoriaExternalAssetLibrary> (string)
Eldoria.Presentation.ValoriaExternalAssetLibrary:Load () (at Assets/Eldoria/Scripts/Presentation/ValoriaExternalAssetLibrary.cs:45)
Eldoria.Presentation.VisualWorld:PlayableDistrictSkeleton (Eldoria.Domain.PlayerState) (at Assets/Eldoria/Scripts/Presentation/VisualWorld.cs:117)
Eldoria.Presentation.VisualWorld:Create (bool,Eldoria.Domain.PlayerState) (at Assets/Eldoria/Scripts/Presentation/VisualWorld.cs:79)
Eldoria.Presentation.SlicePresenter:OnSceneLoaded (UnityEngine.SceneManagement.Scene,UnityEngine.SceneManagement.LoadSceneMode) (at Assets/Eldoria/Scripts/Presentation/SlicePresenter.cs:48)
UnityEngine.SceneManagement.SceneManager:Internal_SceneLoaded (UnityEngine.SceneManagement.Scene,UnityEngine.SceneManagement.LoadSceneMode)

[Assets/Eldoria/Scripts/Presentation/ValoriaExternalAssetLibrary.cs line 45]

Serialized reference type mismatch: field 'StoneWall' expects 'GameObject' but the stored reference is a 'Prefab'. The reference is treated as null (and serialized as null in player builds). Re-assign the field in the Inspector to fix it.
UnityEngine.Debug:ExtractStackTraceNoAlloc (byte*,int,string)
UnityEngine.StackTraceUtility:ExtractStackTrace ()
UnityEngine.ResourcesAPIInternal:Load (string,System.Type)
UnityEngine.ResourcesAPI:Load (string,System.Type)
UnityEngine.Resources:Load (string,System.Type)
UnityEngine.Resources:Load<Eldoria.Presentation.ValoriaExternalAssetLibrary> (string)
Eldoria.Presentation.ValoriaExternalAssetLibrary:Load () (at Assets/Eldoria/Scripts/Presentation/ValoriaExternalAssetLibrary.cs:45)
Eldoria.Presentation.VisualWorld:PlayableDistrictSkeleton (Eldoria.Domain.PlayerState) (at Assets/Eldoria/Scripts/Presentation/VisualWorld.cs:117)
Eldoria.Presentation.VisualWorld:Create (bool,Eldoria.Domain.PlayerState) (at Assets/Eldoria/Scripts/Presentation/VisualWorld.cs:79)
Eldoria.Presentation.SlicePresenter:OnSceneLoaded (UnityEngine.SceneManagement.Scene,UnityEngine.SceneManagement.LoadSceneMode) (at Assets/Eldoria/Scripts/Presentation/SlicePresenter.cs:48)
UnityEngine.SceneManagement.SceneManager:Internal_SceneLoaded (UnityEngine.SceneManagement.Scene,UnityEngine.SceneManagement.LoadSceneMode)

[Assets/Eldoria/Scripts/Presentation/ValoriaExternalAssetLibrary.cs line 45]

Serialized reference type mismatch: field 'StoneGate' expects 'GameObject' but the stored reference is a 'Prefab'. The reference is treated as null (and serialized as null in player builds). Re-assign the field in the Inspector to fix it.
UnityEngine.Debug:ExtractStackTraceNoAlloc (byte*,int,string)
UnityEngine.StackTraceUtility:ExtractStackTrace ()
UnityEngine.ResourcesAPIInternal:Load (string,System.Type)
UnityEngine.ResourcesAPI:Load (string,System.Type)
UnityEngine.Resources:Load (string,System.Type)
UnityEngine.Resources:Load<Eldoria.Presentation.ValoriaExternalAssetLibrary> (string)
Eldoria.Presentation.ValoriaExternalAssetLibrary:Load () (at Assets/Eldoria/Scripts/Presentation/ValoriaExternalAssetLibrary.cs:45)
Eldoria.Presentation.VisualWorld:PlayableDistrictSkeleton (Eldoria.Domain.PlayerState) (at Assets/Eldoria/Scripts/Presentation/VisualWorld.cs:117)
Eldoria.Presentation.VisualWorld:Create (bool,Eldoria.Domain.PlayerState) (at Assets/Eldoria/Scripts/Presentation/VisualWorld.cs:79)
Eldoria.Presentation.SlicePresenter:OnSceneLoaded (UnityEngine.SceneManagement.Scene,UnityEngine.SceneManagement.LoadSceneMode) (at Assets/Eldoria/Scripts/Presentation/SlicePresenter.cs:48)
UnityEngine.SceneManagement.SceneManager:Internal_SceneLoaded (UnityEngine.SceneManagement.Scene,UnityEngine.SceneManagement.LoadSceneMode)

[Assets/Eldoria/Scripts/Presentation/ValoriaExternalAssetLibrary.cs line 45]

Serialized reference type mismatch: field 'LumberMill' expects 'GameObject' but the stored reference is a 'Prefab'. The reference is treated as null (and serialized as null in player builds). Re-assign the field in the Inspector to fix it.
UnityEngine.Debug:ExtractStackTraceNoAlloc (byte*,int,string)
UnityEngine.StackTraceUtility:ExtractStackTrace ()
UnityEngine.ResourcesAPIInternal:Load (string,System.Type)
UnityEngine.ResourcesAPI:Load (string,System.Type)
UnityEngine.Resources:Load (string,System.Type)
UnityEngine.Resources:Load<Eldoria.Presentation.ValoriaExternalAssetLibrary> (string)
Eldoria.Presentation.ValoriaExternalAssetLibrary:Load () (at Assets/Eldoria/Scripts/Presentation/ValoriaExternalAssetLibrary.cs:45)
Eldoria.Presentation.VisualWorld:PlayableDistrictSkeleton (Eldoria.Domain.PlayerState) (at Assets/Eldoria/Scripts/Presentation/VisualWorld.cs:117)
Eldoria.Presentation.VisualWorld:Create (bool,Eldoria.Domain.PlayerState) (at Assets/Eldoria/Scripts/Presentation/VisualWorld.cs:79)
Eldoria.Presentation.SlicePresenter:OnSceneLoaded (UnityEngine.SceneManagement.Scene,UnityEngine.SceneManagement.LoadSceneMode) (at Assets/Eldoria/Scripts/Presentation/SlicePresenter.cs:48)
UnityEngine.SceneManagement.SceneManager:Internal_SceneLoaded (UnityEngine.SceneManagement.Scene,UnityEngine.SceneManagement.LoadSceneMode)

[Assets/Eldoria/Scripts/Presentation/ValoriaExternalAssetLibrary.cs line 45]

Loaded scene 'Assets/Eldoria/Scenes/Valoria.unity'
	Deserialize:            0.361 ms
	Integration:            410.476 ms
	Integration of assets:  0.001 ms
	Thread Wait Time:       0.006 ms
	Total Operation Time:   410.845 ms
Unloading 1107 unused Assets / (19.8 MB). Loaded Objects now: 15206.
Memory consumption went from 0.67 GB to 0.65 GB.
Total: 11.009100 ms (FindLiveObjects: 0.910600 ms CreateObjectMapping: 0.438800 ms MarkObjects: 7.644200 ms  DeleteObjects: 2.015100 ms)

Unloading 97 Unused Serialized files (Serialized files now loaded: 0)
UnloadTime: 6.512800 ms
Serialized reference type mismatch: field 'StoneTower' expects 'GameObject' but the stored reference is a 'Prefab'. The reference is treated as null (and serialized as null in player builds). Re-assign the field in the Inspector to fix it.
UnityEngine.Debug:ExtractStackTraceNoAlloc (byte*,int,string)
UnityEngine.StackTraceUtility:ExtractStackTrace ()
UnityEngine.ResourcesAPIInternal:Load (string,System.Type)
UnityEngine.ResourcesAPI:Load (string,System.Type)
UnityEngine.Resources:Load (string,System.Type)
UnityEngine.Resources:Load<Eldoria.Presentation.ValoriaExternalAssetLibrary> (string)
Eldoria.Presentation.ValoriaExternalAssetLibrary:Load () (at Assets/Eldoria/Scripts/Presentation/ValoriaExternalAssetLibrary.cs:45)
Eldoria.Presentation.VisualWorld:PlayableDistrictSkeleton (Eldoria.Domain.PlayerState) (at Assets/Eldoria/Scripts/Presentation/VisualWorld.cs:117)
Eldoria.Presentation.VisualWorld:Create (bool,Eldoria.Domain.PlayerState) (at Assets/Eldoria/Scripts/Presentation/VisualWorld.cs:79)
Eldoria.Presentation.SlicePresenter:OnSceneLoaded (UnityEngine.SceneManagement.Scene,UnityEngine.SceneManagement.LoadSceneMode) (at Assets/Eldoria/Scripts/Presentation/SlicePresenter.cs:48)
UnityEngine.SceneManagement.SceneManager:Internal_SceneLoaded (UnityEngine.SceneManagement.Scene,UnityEngine.SceneManagement.LoadSceneMode)

[Assets/Eldoria/Scripts/Presentation/ValoriaExternalAssetLibrary.cs line 45]

Serialized reference type mismatch: field 'StoneWall' expects 'GameObject' but the stored reference is a 'Prefab'. The reference is treated as null (and serialized as null in player builds). Re-assign the field in the Inspector to fix it.
UnityEngine.Debug:ExtractStackTraceNoAlloc (byte*,int,string)
UnityEngine.StackTraceUtility:ExtractStackTrace ()
UnityEngine.ResourcesAPIInternal:Load (string,System.Type)
UnityEngine.ResourcesAPI:Load (string,System.Type)
UnityEngine.Resources:Load (string,System.Type)
UnityEngine.Resources:Load<Eldoria.Presentation.ValoriaExternalAssetLibrary> (string)
Eldoria.Presentation.ValoriaExternalAssetLibrary:Load () (at Assets/Eldoria/Scripts/Presentation/ValoriaExternalAssetLibrary.cs:45)
Eldoria.Presentation.VisualWorld:PlayableDistrictSkeleton (Eldoria.Domain.PlayerState) (at Assets/Eldoria/Scripts/Presentation/VisualWorld.cs:117)
Eldoria.Presentation.VisualWorld:Create (bool,Eldoria.Domain.PlayerState) (at Assets/Eldoria/Scripts/Presentation/VisualWorld.cs:79)
Eldoria.Presentation.SlicePresenter:OnSceneLoaded (UnityEngine.SceneManagement.Scene,UnityEngine.SceneManagement.LoadSceneMode) (at Assets/Eldoria/Scripts/Presentation/SlicePresenter.cs:48)
UnityEngine.SceneManagement.SceneManager:Internal_SceneLoaded (UnityEngine.SceneManagement.Scene,UnityEngine.SceneManagement.LoadSceneMode)

[Assets/Eldoria/Scripts/Presentation/ValoriaExternalAssetLibrary.cs line 45]

Serialized reference type mismatch: field 'StoneGate' expects 'GameObject' but the stored reference is a 'Prefab'. The reference is treated as null (and serialized as null in player builds). Re-assign the field in the Inspector to fix it.
UnityEngine.Debug:ExtractStackTraceNoAlloc (byte*,int,string)
UnityEngine.StackTraceUtility:ExtractStackTrace ()
UnityEngine.ResourcesAPIInternal:Load (string,System.Type)
UnityEngine.ResourcesAPI:Load (string,System.Type)
UnityEngine.Resources:Load (string,System.Type)
UnityEngine.Resources:Load<Eldoria.Presentation.ValoriaExternalAssetLibrary> (string)
Eldoria.Presentation.ValoriaExternalAssetLibrary:Load () (at Assets/Eldoria/Scripts/Presentation/ValoriaExternalAssetLibrary.cs:45)
Eldoria.Presentation.VisualWorld:PlayableDistrictSkeleton (Eldoria.Domain.PlayerState) (at Assets/Eldoria/Scripts/Presentation/VisualWorld.cs:117)
Eldoria.Presentation.VisualWorld:Create (bool,Eldoria.Domain.PlayerState) (at Assets/Eldoria/Scripts/Presentation/VisualWorld.cs:79)
Eldoria.Presentation.SlicePresenter:OnSceneLoaded (UnityEngine.SceneManagement.Scene,UnityEngine.SceneManagement.LoadSceneMode) (at Assets/Eldoria/Scripts/Presentation/SlicePresenter.cs:48)
UnityEngine.SceneManagement.SceneManager:Internal_SceneLoaded (UnityEngine.SceneManagement.Scene,UnityEngine.SceneManagement.LoadSceneMode)

[Assets/Eldoria/Scripts/Presentation/ValoriaExternalAssetLibrary.cs line 45]

Serialized reference type mismatch: field 'LumberMill' expects 'GameObject' but the stored reference is a 'Prefab'. The reference is treated as null (and serialized as null in player builds). Re-assign the field in the Inspector to fix it.
UnityEngine.Debug:ExtractStackTraceNoAlloc (byte*,int,string)
UnityEngine.StackTraceUtility:ExtractStackTrace ()
UnityEngine.ResourcesAPIInternal:Load (string,System.Type)
UnityEngine.ResourcesAPI:Load (string,System.Type)
UnityEngine.Resources:Load (string,System.Type)
UnityEngine.Resources:Load<Eldoria.Presentation.ValoriaExternalAssetLibrary> (string)
Eldoria.Presentation.ValoriaExternalAssetLibrary:Load () (at Assets/Eldoria/Scripts/Presentation/ValoriaExternalAssetLibrary.cs:45)
Eldoria.Presentation.VisualWorld:PlayableDistrictSkeleton (Eldoria.Domain.PlayerState) (at Assets/Eldoria/Scripts/Presentation/VisualWorld.cs:117)
Eldoria.Presentation.VisualWorld:Create (bool,Eldoria.Domain.PlayerState) (at Assets/Eldoria/Scripts/Presentation/VisualWorld.cs:79)
Eldoria.Presentation.SlicePresenter:OnSceneLoaded (UnityEngine.SceneManagement.Scene,UnityEngine.SceneManagement.LoadSceneMode) (at Assets/Eldoria/Scripts/Presentation/SlicePresenter.cs:48)
UnityEngine.SceneManagement.SceneManager:Internal_SceneLoaded (UnityEngine.SceneManagement.Scene,UnityEngine.SceneManagement.LoadSceneMode)

[Assets/Eldoria/Scripts/Presentation/ValoriaExternalAssetLibrary.cs line 45]

Loaded scene 'Assets/Eldoria/Scenes/Valoria.unity'
	Deserialize:            0.333 ms
	Integration:            315.566 ms
	Integration of assets:  0.001 ms
	Thread Wait Time:       0.126 ms
	Total Operation Time:   316.026 ms
Unloading 1598 unused Assets / (21.4 MB). Loaded Objects now: 15205.
Memory consumption went from 0.63 GB to 0.61 GB.
Total: 13.071600 ms (FindLiveObjects: 0.877600 ms CreateObjectMapping: 0.479900 ms MarkObjects: 7.157000 ms  DeleteObjects: 4.556700 ms)

Unloading 82 Unused Serialized files (Serialized files now loaded: 0)
UnloadTime: 6.920100 ms
Serialized reference type mismatch: field 'StoneTower' expects 'GameObject' but the stored reference is a 'Prefab'. The reference is treated as null (and serialized as null in player builds). Re-assign the field in the Inspector to fix it.
UnityEngine.Debug:ExtractStackTraceNoAlloc (byte*,int,string)
UnityEngine.StackTraceUtility:ExtractStackTrace ()
UnityEngine.ResourcesAPIInternal:Load (string,System.Type)
UnityEngine.ResourcesAPI:Load (string,System.Type)
UnityEngine.Resources:Load (string,System.Type)
UnityEngine.Resources:Load<Eldoria.Presentation.ValoriaExternalAssetLibrary> (string)
Eldoria.Presentation.ValoriaExternalAssetLibrary:Load () (at Assets/Eldoria/Scripts/Presentation/ValoriaExternalAssetLibrary.cs:45)
Eldoria.Presentation.VisualWorld:PlayableDistrictSkeleton (Eldoria.Domain.PlayerState) (at Assets/Eldoria/Scripts/Presentation/VisualWorld.cs:117)
Eldoria.Presentation.VisualWorld:Create (bool,Eldoria.Domain.PlayerState) (at Assets/Eldoria/Scripts/Presentation/VisualWorld.cs:79)
Eldoria.Presentation.SlicePresenter:OnSceneLoaded (UnityEngine.SceneManagement.Scene,UnityEngine.SceneManagement.LoadSceneMode) (at Assets/Eldoria/Scripts/Presentation/SlicePresenter.cs:48)
UnityEngine.SceneManagement.SceneManager:Internal_SceneLoaded (UnityEngine.SceneManagement.Scene,UnityEngine.SceneManagement.LoadSceneMode)

[Assets/Eldoria/Scripts/Presentation/ValoriaExternalAssetLibrary.cs line 45]

Serialized reference type mismatch: field 'StoneWall' expects 'GameObject' but the stored reference is a 'Prefab'. The reference is treated as null (and serialized as null in player builds). Re-assign the field in the Inspector to fix it.
UnityEngine.Debug:ExtractStackTraceNoAlloc (byte*,int,string)
UnityEngine.StackTraceUtility:ExtractStackTrace ()
UnityEngine.ResourcesAPIInternal:Load (string,System.Type)
UnityEngine.ResourcesAPI:Load (string,System.Type)
UnityEngine.Resources:Load (string,System.Type)
UnityEngine.Resources:Load<Eldoria.Presentation.ValoriaExternalAssetLibrary> (string)
Eldoria.Presentation.ValoriaExternalAssetLibrary:Load () (at Assets/Eldoria/Scripts/Presentation/ValoriaExternalAssetLibrary.cs:45)
Eldoria.Presentation.VisualWorld:PlayableDistrictSkeleton (Eldoria.Domain.PlayerState) (at Assets/Eldoria/Scripts/Presentation/VisualWorld.cs:117)
Eldoria.Presentation.VisualWorld:Create (bool,Eldoria.Domain.PlayerState) (at Assets/Eldoria/Scripts/Presentation/VisualWorld.cs:79)
Eldoria.Presentation.SlicePresenter:OnSceneLoaded (UnityEngine.SceneManagement.Scene,UnityEngine.SceneManagement.LoadSceneMode) (at Assets/Eldoria/Scripts/Presentation/SlicePresenter.cs:48)
UnityEngine.SceneManagement.SceneManager:Internal_SceneLoaded (UnityEngine.SceneManagement.Scene,UnityEngine.SceneManagement.LoadSceneMode)

[Assets/Eldoria/Scripts/Presentation/ValoriaExternalAssetLibrary.cs line 45]

Serialized reference type mismatch: field 'StoneGate' expects 'GameObject' but the stored reference is a 'Prefab'. The reference is treated as null (and serialized as null in player builds). Re-assign the field in the Inspector to fix it.
UnityEngine.Debug:ExtractStackTraceNoAlloc (byte*,int,string)
UnityEngine.StackTraceUtility:ExtractStackTrace ()
UnityEngine.ResourcesAPIInternal:Load (string,System.Type)
UnityEngine.ResourcesAPI:Load (string,System.Type)
UnityEngine.Resources:Load (string,System.Type)
UnityEngine.Resources:Load<Eldoria.Presentation.ValoriaExternalAssetLibrary> (string)
Eldoria.Presentation.ValoriaExternalAssetLibrary:Load () (at Assets/Eldoria/Scripts/Presentation/ValoriaExternalAssetLibrary.cs:45)
Eldoria.Presentation.VisualWorld:PlayableDistrictSkeleton (Eldoria.Domain.PlayerState) (at Assets/Eldoria/Scripts/Presentation/VisualWorld.cs:117)
Eldoria.Presentation.VisualWorld:Create (bool,Eldoria.Domain.PlayerState) (at Assets/Eldoria/Scripts/Presentation/VisualWorld.cs:79)
Eldoria.Presentation.SlicePresenter:OnSceneLoaded (UnityEngine.SceneManagement.Scene,UnityEngine.SceneManagement.LoadSceneMode) (at Assets/Eldoria/Scripts/Presentation/SlicePresenter.cs:48)
UnityEngine.SceneManagement.SceneManager:Internal_SceneLoaded (UnityEngine.SceneManagement.Scene,UnityEngine.SceneManagement.LoadSceneMode)

[Assets/Eldoria/Scripts/Presentation/ValoriaExternalAssetLibrary.cs line 45]

Serialized reference type mismatch: field 'LumberMill' expects 'GameObject' but the stored reference is a 'Prefab'. The reference is treated as null (and serialized as null in player builds). Re-assign the field in the Inspector to fix it.
UnityEngine.Debug:ExtractStackTraceNoAlloc (byte*,int,string)
UnityEngine.StackTraceUtility:ExtractStackTrace ()
UnityEngine.ResourcesAPIInternal:Load (string,System.Type)
UnityEngine.ResourcesAPI:Load (string,System.Type)
UnityEngine.Resources:Load (string,System.Type)
UnityEngine.Resources:Load<Eldoria.Presentation.ValoriaExternalAssetLibrary> (string)
Eldoria.Presentation.ValoriaExternalAssetLibrary:Load () (at Assets/Eldoria/Scripts/Presentation/ValoriaExternalAssetLibrary.cs:45)
Eldoria.Presentation.VisualWorld:PlayableDistrictSkeleton (Eldoria.Domain.PlayerState) (at Assets/Eldoria/Scripts/Presentation/VisualWorld.cs:117)
Eldoria.Presentation.VisualWorld:Create (bool,Eldoria.Domain.PlayerState) (at Assets/Eldoria/Scripts/Presentation/VisualWorld.cs:79)
Eldoria.Presentation.SlicePresenter:OnSceneLoaded (UnityEngine.SceneManagement.Scene,UnityEngine.SceneManagement.LoadSceneMode) (at Assets/Eldoria/Scripts/Presentation/SlicePresenter.cs:48)
UnityEngine.SceneManagement.SceneManager:Internal_SceneLoaded (UnityEngine.SceneManagement.Scene,UnityEngine.SceneManagement.LoadSceneMode)

[Assets/Eldoria/Scripts/Presentation/ValoriaExternalAssetLibrary.cs line 45]

Loaded scene 'Assets/Eldoria/Scenes/Valoria.unity'
	Deserialize:            0.363 ms
	Integration:            312.026 ms
	Integration of assets:  0.001 ms
	Thread Wait Time:       0.413 ms
	Total Operation Time:   312.803 ms
Unloading 1598 unused Assets / (16.4 MB). Loaded Objects now: 15205.
Memory consumption went from 0.63 GB to 0.62 GB.
Total: 12.900500 ms (FindLiveObjects: 0.938400 ms CreateObjectMapping: 0.487700 ms MarkObjects: 6.933100 ms  DeleteObjects: 4.540900 ms)

Saving results to: C:/Users/crist/AppData/LocalLow/DefaultCompany/Unity\TestResults.xml
Saving results to: C:\actions-runner-eldoria\_work\_temp/ProductionArtReset-PlayMode.xml
Unloading 82 Unused Serialized files (Serialized files now loaded: 0)
Loaded scene 'Temp/__Backupscenes/0.backup'
	Deserialize:            0.446 ms
	Integration:            132.007 ms
	Integration of assets:  0.001 ms
	Thread Wait Time:       0.005 ms
	Total Operation Time:   132.458 ms
Unloading 144 unused Assets / (1.4 MB). Loaded Objects now: 5085.
Memory consumption went from 0.58 GB to 0.57 GB.
Total: 7.664000 ms (FindLiveObjects: 0.295900 ms CreateObjectMapping: 0.164300 ms MarkObjects: 6.509000 ms  DeleteObjects: 0.694100 ms)

Executing IPostBuildCleanup for: Unity.PerformanceTesting.Editor.TestRunBuilder.
UnityEngine.Debug:ExtractStackTraceNoAlloc (byte*,int,string)
UnityEngine.StackTraceUtility:ExtractStackTrace ()
UnityEngine.DebugLogHandler:Internal_Log (UnityEngine.LogType,UnityEngine.LogOption,string,UnityEngine.Object)
UnityEngine.DebugLogHandler:LogFormat (UnityEngine.LogType,UnityEngine.Object,string,object[])
UnityEngine.Logger:Log (UnityEngine.LogType,object)
UnityEngine.Debug:Log (object)
UnityEditor.TestTools.TestRunner.TestRun.Tasks.BuildActionTaskBase`1/<ExecuteMethods>d__8<UnityEngine.TestTools.IPostBuildCleanup>:MoveNext () (at ./Library/PackageCache/com.unity.test-framework@bd7f943e9647/UnityEditor.TestRunner/TestRun/Tasks/BuildActionTaskBase.cs:48)
UnityEditor.TestTools.TestRunner.TestRun.Tasks.BuildActionTaskBase`1/<Execute>d__7<UnityEngine.TestTools.IPostBuildCleanup>:MoveNext () (at ./Library/PackageCache/com.unity.test-framework@bd7f943e9647/UnityEditor.TestRunner/TestRun/Tasks/BuildActionTaskBase.cs:34)
UnityEditor.TestTools.TestRunner.TestRun.TestJobRunner:ExecuteStep () (at ./Library/PackageCache/com.unity.test-framework@bd7f943e9647/UnityEditor.TestRunner/TestRun/TestJobRunner.cs:173)
UnityEditor.TestTools.TestRunner.TestRun.TestJobRunner:ExecuteCallback () (at ./Library/PackageCache/com.unity.test-framework@bd7f943e9647/UnityEditor.TestRunner/TestRun/TestJobRunner.cs:108)
UnityEditor.EditorApplication:Internal_CallUpdateFunctions ()

(Filename: ./Library/PackageCache/com.unity.test-framework@bd7f943e9647/UnityEditor.TestRunner/TestRun/Tasks/BuildActionTaskBase.cs Line: 48)

Unloading 0 Unused Serialized files (Serialized files now loaded: 0)
Unloading 0 unused Assets / (0 B). Loaded Objects now: 5090.
Memory consumption went from 221.7 MB to 221.7 MB.
Total: 7.337300 ms (FindLiveObjects: 0.205300 ms CreateObjectMapping: 0.083200 ms MarkObjects: 7.041400 ms  DeleteObjects: 0.007000 ms)

Refreshing native plugins compatible for Editor in 0.33 ms, found 0 plugins.
Preloading 0 native plugins for Editor in 0.00 ms.
Asset Pipeline Refresh (id=34aab9f8cd828b949b2040acdee4cc23): Total: 0.079 seconds - Initiated by StopAssetImportingV2(NoUpdateAssetOptions)
DisplayProgressbar: Undo
Test run completed. Exiting with code 0 (Ok). Run completed.
UnityEngine.Debug:ExtractStackTraceNoAlloc (byte*,int,string)
UnityEngine.StackTraceUtility:ExtractStackTrace ()
UnityEngine.DebugLogHandler:Internal_Log (UnityEngine.LogType,UnityEngine.LogOption,string,UnityEngine.Object)
UnityEngine.DebugLogHandler:LogFormat (UnityEngine.LogType,UnityEngine.Object,string,object[])
UnityEngine.Logger:Log (UnityEngine.LogType,object)
UnityEngine.Debug:Log (object)
UnityEditor.TestTools.TestRunner.CommandLineTest.Executer:ExitApplication (UnityEditor.TestTools.TestRunner.CommandLineTest.Executer/ReturnCodes,string) (at ./Library/PackageCache/com.unity.test-framework@bd7f943e9647/UnityEditor.TestRunner/CommandLineTest/Executer.cs:81)
UnityEditor.TestTools.TestRunner.CommandLineTest.Executer:ExitIfRunIsCompleted () (at ./Library/PackageCache/com.unity.test-framework@bd7f943e9647/UnityEditor.TestRunner/CommandLineTest/Executer.cs:74)
UnityEditor.EditorApplication:Internal_CallUpdateFunctions ()

(Filename: ./Library/PackageCache/com.unity.test-framework@bd7f943e9647/UnityEditor.TestRunner/CommandLineTest/Executer.cs Line: 81)

Start importing ProjectSettings/ProjectSettings.asset using Guid(00000000000000004000000000000000) (LibraryAssetImporter) -> (artifact id: '70227d8169b41aeee9dad18792449cf5') in 0.0060271 seconds
Start importing Assets/Mega Fantasy Props Pack/Materials/cobblestone_wall_1_fixed_d.mat using Guid(f08005055adb6774b8d7cd4b19858a9e) (NativeFormatImporter) -> (artifact id: 'ce05e1cda2c6e14973ff1d3845b1ad3a') in 0.0014944 seconds
Start importing Assets/Holotna/Mountain/Materials/Leaf01A.mat using Guid(139555b96554b7c42ba1553ba4dbf714) (NativeFormatImporter) -> (artifact id: '20ef9d878b1285a7eab1c79684beb64a') in 0.0011413 seconds
Start importing Assets/Mega Fantasy Props Pack/Materials/wood_1_d.mat using Guid(13ceee64ceec99b4c83bc82e593822e9) (NativeFormatImporter) -> (artifact id: '4678f1c69d4e1840fa7ecae13db1a20a') in 0.0010702 seconds
Start importing Assets/Mega Fantasy Props Pack/Materials/bark_2_d.mat using Guid(c308058fe19e91945b8a535cbaeec91d) (NativeFormatImporter) -> (artifact id: '70afc753df92ef7109589895f3e8ca9c') in 0.0011068 seconds
Start importing Assets/Mega Fantasy Props Pack/Materials/wooden-boards-texture_d.mat using Guid(f50fd987009300249ad223e750bb4396) (NativeFormatImporter) -> (artifact id: 'd55d014836d7d996233aeec2290de731') in 0.0011847 seconds
Start importing Assets/Mega Fantasy Props Pack/Materials/granite_1_d.mat using Guid(965224637509ca24787fde060eea6f06) (NativeFormatImporter) -> (artifact id: '3920ee29212662930ef706bac3ab4328') in 0.0010829 seconds
Start importing Assets/Holotna/Mountain/Materials/Leaf01B.mat using Guid(f7f56d7aa0f4fd0428509756cb44983f) (NativeFormatImporter) -> (artifact id: '6fba1b71476d24efdb7f153b30748c63') in 0.0010642 seconds
Start importing Assets/Mega Fantasy Props Pack/Materials/stone_wall_3_d.mat using Guid(1fe0bf56d0e15604689d9bae86d0c047) (NativeFormatImporter) -> (artifact id: 'e99280bad11c067d3f3a406adc8c233f') in 0.0010688 seconds
Refreshing native plugins compatible for Editor in 0.33 ms, found 0 plugins.
Preloading 0 native plugins for Editor in 0.00 ms.
Asset Pipeline Refresh (id=bd23790aee36f2244ae39acff6a5cbdf): Total: 0.057 seconds - Initiated by StopAssetImportingV2(NoUpdateAssetOptions)
[Physics::Module] Cleanup current backend.
[Physics::Module] Id: 0xf2b8ea05
Input System module state changed to: ShutdownInProgress.
Input System polling thread exited.
Input System module state changed to: Shutdown.
[Licensing::IpcConnector] LicenseClient-crist-notifications channel disconnected successfully.
[Licensing::IpcConnector] LicenseClient-crist channel disconnected successfully.
AcceleratorClientConnectionCallback - disconnected - :0
Cleanup mono
Checking for leaked weakptr:
  Found no leaked weakptrs.
[Package Manager] Server process was shutdown
##utp:{"type":"MemoryLeaks","version":2,"phase":"Immediate","time":1791183913493,"processId":34312,"allocatedMemory":14680188,"memoryLabels":[{"Default":14409},{"Permanent":15236},{"NewDelete":68355},{"Thread":4230344},{"Manager":34928},{"VertexData":8},{"Geometry":816},{"Texture":296},{"Shader":81461},{"Material":24},{"GfxDevice":55872},{"Animation":392},{"Audio":2664},{"FreeType":8},{"FontEngine":736},{"Physics":2146},{"Physics2D":16},{"Serialization":528},{"Input":14984},{"JobScheduler":33024},{"TextLib":280},{"Mono":32},{"MonoCode":64},{"ScriptingNativeRuntime":155060},{"BaseObject":1630544},{"Resource":1336},{"Renderer":3000},{"Transform":4685},{"File":15621},{"WebCam":616},{"Culling":32},{"Terrain":11394},{"Wind":24},{"STL":40},{"String":14308},{"DynamicArray":100716},{"HashMap":77781},{"Utility":2660822},{"Curl":2478},{"PoolAlloc":2248},{"AI":80},{"TypeTree":5341},{"ScriptManager":512},{"RuntimeInitializeOnLoadManager":64},{"SpriteAtlas":112},{"GI":7792},{"Director":8240},{"CloudService":432},{"WebRequest":552},{"VR":47994},{"SceneManager":504},{"Video":64},{"LazyScriptCache":32},{"Camera":17},{"Secure":2377},{"SerializationCache":1576},{"APIUpdating":10320},{"Subsystems":336},{"VirtualTexturing":57888},{"StaticSafetyDebugInfo":278528},{"Analytics":336},{"Hierarchy":608},{"CoreStats":13112},{"Identifiers":6480},{"Gui":96},{"EditorUtility":108649},{"VersionControl":4},{"Undo":947},{"AssetDatabase":4844418},{"EditorGi":328},{"UnityConnect":29232},{"Upm":1896},{"AssetCompliance":64},{"DrivenProperties":72},{"LocalIPC":211},{"ProfilerEditor":9746},{"CoreBusinessMetrics":3244},{"Licensing":696},{"AssetReference":32},{"IPCStream":32}]}
